Date,Close,High,Low,Open,Volume
2018-01-02,4.922530651092529,4.926234907237626,4.802770377943248,4.83437689051606,355616000
2018-01-03,5.246499538421631,5.276872071724263,5.031177549791746,5.039820025695842,914704000
2018-01-04,5.274156093597412,5.38428668271751,5.251932446899893,5.3277399216062165,583268000
2018-01-05,5.318849563598633,5.356135603489793,5.212175987069669,5.288971090438664,580124000
2018-01-08,5.481822490692139,5.555900982061129,5.39737255839111,5.442313899164735,881216000
2018-01-09,5.48034143447876,5.526764011442247,5.398854895983358,5.487255415261424,497000000
2018-01-10,5.523306846618652,5.526763836900809,5.333665496743862,5.387989697031971,582664000
2018-01-11,5.533184051513672,5.58726145673746,5.511700788622706,5.555901280923127,406032000
2018-01-12,5.506021976470947,5.555654749671344,5.46552573671378,5.521331639654908,359916000
2018-01-16,5.435153961181641,5.617881358656475,5.3507044795640475,5.532444232660265,702348000
2018-01-17,5.548986434936523,5.558863346319084,5.3558881311613,5.449720908703439,538408000
2018-01-18,5.5420732498168945,5.596397447654057,5.498613608959416,5.529726520095098,408632000
2018-01-19,5.682082176208496,5.706281108604967,5.605287537749139,5.632202609560371,609380000
2018-01-22,5.770484447479248,5.772212943175593,5.632451114182872,5.6899855299239634,550944000
2018-01-23,5.8993821144104,5.9220993533899335,5.8053020183139195,5.823821414464233,475228000
2018-01-24,5.822584629058838,5.938394272835507,5.767025521047098,5.902589462007986,579972000
2018-01-25,5.836165428161621,5.920121303638124,5.8213498239538755,5.876908457477814,409884000
2018-01-26,6.008521556854248,6.008768350136301,5.867031294612784,5.879871609972731,516356000
2018-01-29,6.095440864562988,6.126554246914878,5.941357538495678,5.993953241669754,455116000
2018-01-30,5.993460655212402,6.084824594355995,5.887034314269972,5.953705258700726,570832000
2018-01-31,6.069513320922852,6.155197693168776,6.0361778575351694,6.068772470050293,478576000
2018-02-01,5.938641548156738,6.096676409437072,5.878391007501542,5.889749623333987,519224000
2018-02-02,5.766285419464111,5.8761692122464035,5.70825742887083,5.8522170708127845,718464000
2018-02-05,5.2768731117248535,5.759125246137221,5.062044667389918,5.605288673745596,1165204000
2018-02-06,5.570223331451416,5.57318626405171,5.0373504296823395,5.0472278136425,1114800000
2018-02-07,5.649734973907471,5.802090300947284,5.597880113087888,5.66899568719736,802932000
2018-02-08,5.3711981773376465,5.808262016728006,5.370950913075161,5.775173819591477,1144000000
2018-02-09,5.7307281494140625,5.898886734378586,5.371199687913183,5.8830834821942375,1674604000
2018-02-12,5.6307220458984375,5.814684364116072,5.556643531879623,5.811720959806684,1093172000
2018-02-13,5.744309425354004,5.7904852159964895,5.5620756092920765,5.594423436273443,625524000
2018-02-14,5.96135950088501,5.990250334803967,5.692947725246007,5.704059548216401,744988000
2018-02-15,6.086798667907715,6.132974450475771,5.963828247581664,6.044573933257524,698900000
2018-02-16,6.021116733551025,6.1732248004750225,6.011980198829314,6.059637690216526,637656000
2018-02-20,6.150508880615234,6.219401918319818,6.039884208884206,6.04358846482193,686240000
2018-02-21,5.963581085205078,6.22186913163197,5.959877301517261,6.2149551508922505,892292000
2018-02-22,5.983101844787598,6.069086435851359,5.917625143276872,5.997432767055689,534364000
2018-02-23,6.076498031616211,6.076498031616211,5.992243024770804,6.04289490180953,415300000
2018-02-26,6.092559337615967,6.12715073010271,6.030294359867452,6.122703332679039,469312000
2018-02-27,6.0797119140625,6.150130385346816,6.0567331409142895,6.065874883803376,455436000
2018-02-28,5.979394435882568,6.130114383636333,5.967781344087161,6.090581236231514,523116000
2018-03-01,5.7375006675720215,6.0310344955789645,5.636443866339564,5.97717042972717,1040120000
2018-03-02,5.844487190246582,5.8509115742309685,5.4815231620254234,5.630019649725559,913428000
2018-03-05,5.822497844696045,5.862030997490262,5.671036093708031,5.7943303672938855,620776000
2018-03-06,5.983349323272705,6.002622009590506,5.864749844281016,5.907742143633692,636808000
2018-03-07,5.9754414558410645,6.02757595760045,5.879326406215545,5.880561610998472,581208000
2018-03-08,5.959134101867676,6.002867703637452,5.9149061354144825,6.002867703637452,411912000
2018-03-09,6.061674118041992,6.074521945773585,5.9905143444255415,6.006574364726223,505524000
2018-03-12,6.171130657196045,6.251185216531933,6.094782183459162,6.102936137303769,605060000
2018-03-13,6.12047815322876,6.288247315204571,6.079215437364487,6.213875365215344,619772000
2018-03-14,6.145927906036377,6.190649761224744,6.0836629398698125,6.1634705457422845,505496000
2018-03-15,6.1607537269592285,6.241796550769239,6.11874969218862,6.159518522086137,401952000
2018-03-16,6.188920497894287,6.2079457611636775,6.1395038257144074,6.177060458869331,399456000
2018-03-19,5.954687118530273,6.161000737351498,5.855854233128718,6.132092418807679,713772000
2018-03-20,6.166683197021484,6.205475035880134,5.957651299969057,5.957651299969057,554696000
2018-03-21,6.141480922698975,6.226477242198689,6.1110895132459655,6.160258768339329,438688000
2018-03-22,5.975687503814697,6.124678344170441,5.938378292695647,6.078226922452298,551196000
2018-03-23,5.756280422210693,5.991749793357609,5.745161692403051,5.989278912147866,735620000
2018-03-26,6.040671348571777,6.041906553384697,5.828674668740064,5.880561753784872,611424000
2018-03-27,5.572202682495117,6.177060428326292,5.43210709147728,6.1214667902168935,1409000000
2018-03-28,5.469170093536377,5.66782412342045,5.3616893596201365,5.537858984553236,945904000
2018-03-29,5.722182273864746,5.818791220491202,5.453109325727342,5.537364338975265,916628000
2018-04-02,5.461757183074951,5.79778944981991,5.37404303062302,5.651763826874527,922092000
2018-04-03,5.568001747131348,5.691542944931062,5.46916888314603,5.628537141413006,667432000
2018-04-04,5.589994430541992,5.600371849956054,5.2875652305798555,5.312520520781163,789168000
2018-04-05,5.469910144805908,5.661398905403933,5.398503442460601,5.648303662971835,701240000
2018-04-06,5.293741703033447,5.475347468322936,5.264585964188444,5.367372361645052,662988000
2018-04-09,5.322403430938721,5.484489560749731,5.3023894347219755,5.356747878247084,499524000
2018-04-10,5.631256103515625,5.658187905325075,5.495360475784139,5.552436743111283,761676000
2018-04-11,5.589994430541992,5.657695074771193,5.557379549162812,5.616432343880295,460244000
2018-04-12,5.7965545654296875,5.814344627825064,5.638668880942705,5.682896854549457,593920000
2018-04-13,5.719956874847412,5.868453340435077,5.671775887228296,5.860052441678295,503036000
2018-04-16,5.71971321105957,5.753069407311364,5.625574644167119,5.726631491354238,350792000
2018-04-17,5.86919641494751,5.890445614871483,5.716252507384096,5.771846152597597,447224000
2018-04-18,5.840287685394287,5.911447457746737,5.751338323408006,5.818791538526428,391364000
2018-04-19,5.659177303314209,5.759492830281805,5.603831065689306,5.726136636882171,471996000
2018-04-20,5.651022434234619,5.734783081732713,5.6198901831966905,5.65052806954587,386200000
2018-04-23,5.531681060791016,5.719957640441089,5.5057375211040105,5.668811872382748,427508000
2018-04-24,5.465464115142822,5.6532463663324855,5.40023436206555,5.557378724363307,414596000
2018-04-25,5.353290557861328,5.4748553143447225,5.196146137023497,5.435816038137816,588492000
2018-04-26,5.564789772033691,5.57294372515703,5.448908157916776,5.514879209123028,375824000
2018-04-27,5.592216491699219,5.690308529277498,5.549965513069116,5.670541953739788,400848000
2018-04-30,5.556883811950684,5.658187570873458,5.537611601019302,5.608523949501842,327844000
2018-05-01,5.612231731414795,5.614949559572972,5.490172640875551,5.548731540381475,253788000
2018-05-02,5.591722011566162,5.653245194599308,5.565531054308875,5.608770757760308,268248000
2018-05-03,5.75677490234375,5.782965868818142,5.5783813137634475,5.623597549092021,443144000
2018-05-04,5.906752109527588,5.909964301493581,5.710815939958727,5.728111633202851,400660000
2018-05-07,6.144445896148682,6.201522160099138,6.001385051852191,6.011268575294066,687616000
2018-05-08,6.186944007873535,6.189661835313137,6.095770252030358,6.144692559760127,506616000
2018-05-09,6.3198747634887695,6.322098697844663,6.1797791521493535,6.206958372783613,596760000
2018-05-10,6.427355766296387,6.436497507612215,6.35496031956407,6.3727503800306735,994080000
2018-05-11,6.288990497589111,6.418956130651816,6.19040501233881,6.245751249672312,1214456000
2018-05-14,6.30949592590332,6.386833119690314,6.28577632113989,6.327039036259138,523140000
2018-05-15,6.067356586456299,6.248715391426777,5.967041077748978,6.245997092376111,963528000
2018-05-16,6.078475475311279,6.140493036211497,5.991996521218822,6.028811848736104,553828000
2018-05-17,6.12047815322876,6.214122311890762,6.064143207262939,6.080203695338439,519784000
2018-05-18,6.0767436027526855,6.235617475475372,6.071801842386492,6.172364733622482,483716000
2018-05-21,6.034740924835205,6.177801761741882,5.942085018079283,6.174095676278785,640624000
2018-05-22,5.9966912269592285,6.073286655171677,5.9361558188208825,6.048084422250063,518264000
2018-05-23,6.120060443878174,6.12129688402957,5.939825949406634,5.940567719184721,442956000
2018-05-24,6.123770236968994,6.166047823147959,6.063197859331765,6.116353480600925,437372000
2018-05-25,6.163080215454102,6.1793977382555845,6.100777203792342,6.136378857375659,292112000
2018-05-29,6.14601993560791,6.214009995996872,6.099292684366807,6.145031066439956,352684000
2018-05-30,6.254804611206055,6.2634578073337,6.154921735010483,6.17964535461682,390996000
2018-05-31,6.235025405883789,6.309443359324026,6.212279997982969,6.222910932089949,493868000
2018-06-01,6.3692731857299805,6.375454443154054,6.271120967026768,6.279774161543991,421968000
2018-06-04,6.548025608062744,6.570029246817029,6.371252370342508,6.40339274467173,642024000
2018-06-05,6.553465366363525,6.591045233446808,6.506490532509422,6.551240056511018,391712000
2018-06-06,6.555441379547119,6.558655557966693,6.447152426508077,6.46346994643949,371356000
2018-06-07,6.499814510345459,6.563601057186747,6.409573235207362,6.551733682992139,369448000
2018-06-08,6.4844865798950195,6.527010792002189,6.408337979971783,6.427127912611173,360456000
2018-06-11,6.443445205688477,6.513412544338041,6.4305889612666265,6.471877203081521,265372000
2018-06-12,6.491903305053711,6.504017779962381,6.419710654500263,6.469899664971444,319160000
2018-06-13,6.487452507019043,6.568298345834007,6.478304641110039,6.493386194154102,338208000
2018-06-14,6.59895658493042,6.655573484370887,6.517616064187925,6.532450519907455,430016000
2018-06-15,6.558160781860352,6.613047027250425,6.510938861735974,6.541843262192052,432260000
2018-06-18,6.553958892822266,6.571512382860502,6.486958168246381,6.5141537228346875,356268000
2018-06-19,6.432319641113281,6.518110304281356,6.304993636426343,6.450862002192565,594932000
2018-06-20,6.485228061676025,6.538136107117899,6.435039053196084,6.473360686687477,369780000
2018-06-21,6.356666088104248,6.535417081326621,6.349001760839848,6.517121818613466,359516000
2018-06-22,6.204367637634277,6.3907833922434945,6.1890394577479775,6.377432479185783,434160000
2018-06-25,5.911890029907227,6.101766633436622,5.82337985092073,6.098058255229692,665816000
2018-06-26,5.982844352722168,6.073332713500561,5.931419386754138,6.02512192579646,478884000
2018-06-27,5.827828884124756,6.092617600471763,5.822389396022876,6.026358646530971,453892000
2018-06-28,5.9549078941345215,5.966775268239401,5.810275038522449,5.817939364650027,338012000
2018-06-29,5.857001781463623,6.03253853996287,5.855765341438304,6.019929869712301,392300000
2018-07-02,5.9890265464782715,5.992734924092776,5.767009128743978,5.787529698463304,357572000
2018-07-03,5.8555192947387695,6.0295730166874435,5.847113198684711,6.0236393295648005,222732000
2018-07-05,6.001140117645264,6.0060844631997705,5.871835932229681,5.9106517563239205,306216000
2018-07-06,6.114869117736816,6.1232752139489,5.955402275391055,5.976664615349915,296352000
2018-07-09,6.162339210510254,6.198683110054865,6.0837186662877025,6.189041043467061,303880000
2018-07-10,6.261231422424316,6.2832350564713995,6.134399648280956,6.174699010961345,360016000
2018-07-11,6.119812965393066,6.203131201326417,6.109181561317353,6.168518424251351,367508000
2018-07-12,6.211291313171387,6.259255014559469,6.155169085771474,6.165058722643337,345508000
2018-07-13,6.164068698883057,6.229833456417124,6.122038689961179,6.229833456417124,246988000
2018-07-16,6.136378765106201,6.189287281586046,6.124017191361547,6.136378765106201,197036000
2018-07-17,6.272110939025879,6.287192493015592,6.061713782436663,6.087179171672873,362136000
2018-07-18,6.222912311553955,6.278540346504619,6.171981996131782,6.2646952305282575,277640000
2018-07-19,6.231069564819336,6.2646939499617895,6.189040026518868,6.20412110838301,235752000
2018-07-20,6.202884197235107,6.267412506158028,6.192005693602789,6.228596681046968,222352000
2018-07-23,6.166293621063232,6.178160994623873,6.0147382161009535,6.176430355628103,301584000
2018-07-24,6.148987293243408,6.30078979914946,6.131433332134808,6.214257376922752,354620000
2018-07-25,6.227113246917725,6.239722389643722,6.1005285639903235,6.158381889327705,319112000
2018-07-26,6.300543308258057,6.337381404239805,6.190276591331266,6.207088785521427,325124000
2018-07-27,6.230823040008545,6.344056836184781,6.176925650601559,6.3371342789732275,295420000
2018-07-30,6.035755634307861,6.250850560956816,6.000895270832184,6.244916872034064,340340000
2018-07-31,6.0538010597229,6.128466100668753,5.986553244463329,6.025369068604396,283988000
2018-08-01,6.093606948852539,6.1403346781881565,6.0298203987489805,6.085201323968267,283556000
2018-08-02,6.196209907531738,6.200165384823572,5.96356154089931,6.0224032739077815,269668000
2018-08-03,6.232799053192139,6.256533797954327,6.203872863522399,6.2206845814258545,214288000
2018-08-06,6.280516147613525,6.2839774255396295,6.173710730714454,6.220190883311782,207508000
2018-08-07,6.352708339691162,6.371251168174037,6.3025198132827285,6.329221165634741,258132000
2018-08-08,6.389054298400879,6.4340513977582106,6.319086947158015,6.3539473088183485,262100000
2018-08-09,6.340596675872803,6.4095751607005065,6.332932347384844,6.406855651539733,204280000
2018-08-10,6.2993083000183105,6.331696252936831,6.247636212295186,6.258761819779048,256396000
2018-08-13,6.332188606262207,6.452839613844387,6.306229020221007,6.307959659290421,375208000
2018-08-14,6.463469505310059,6.477562186576666,6.354438789956748,6.43750992345539,466220000
2018-08-15,6.405370712280273,6.51810982494344,6.326749711256938,6.484238341164835,591136000
2018-08-16,6.364823818206787,6.477563403260773,6.304745648022211,6.4750909943011195,801260000
2018-08-17,6.0528130531311035,6.254309899799555,6.0258641260586865,6.253568129968853,1143188000
2018-08-20,6.12747859954834,6.259996521428613,5.901999886921479,6.012267069902748,854388000
2018-08-21,6.26296329498291,6.267413442545277,6.124017021882193,6.143795822264557,673988000
2018-08-22,6.497836112976074,6.502780930675262,6.226866610640642,6.230327888717319,749856000
2018-08-23,6.597224712371826,6.6624947963325365,6.445422205811384,6.4592673179771385,720684000
2018-08-24,6.730236053466797,6.744822932758148,6.601179448847184,6.6056295952886055,531512000
2018-08-27,6.821221828460693,6.895392228353461,6.7285085928127835,6.759907203664735,505776000
2018-08-28,6.7836408615112305,6.83803291943394,6.663731611887613,6.8152870382966295,475384000
2018-08-29,6.889019966125488,6.914004340322926,6.755192460651555,6.775971488084471,420108000
2018-08-30,6.872198104858398,6.968920130124822,6.835339868436462,6.857850479935464,346608000
2018-08-31,6.9431939125061035,6.95605718709204,6.842266535963625,6.852161580332045,306592000
2018-09-04,7.017901420593262,7.0555013711453,6.901636981506901,6.93008453290711,391720000
2018-09-05,6.8872904777526855,7.03571289907151,6.80640039260316,7.00033899796259,393156000
2018-09-06,6.746287822723389,6.873436239069993,6.713387691094614,6.870962477559457,322796000
2018-09-07,6.725013732910156,6.850430552376574,6.6094914867958945,6.654265481017739,295420000
2018-09-10,6.796009540557861,6.825694207721541,6.703740545471441,6.7475251346492575,220140000
2018-09-11,6.748266696929932,6.837319746683039,6.728971547071906,6.749750576286906,243112000
2018-09-12,6.634477138519287,6.727983257381165,6.4791283908914625,6.7084408696793165,419092000
2018-09-13,6.712151527404785,6.802688940436022,6.682961800038493,6.700277660031751,305536000
2018-09-14,6.838062286376953,6.90411025548557,6.765582914854368,6.802441158943348,386936000
2018-09-17,6.776219844818115,6.861562967081699,6.756925165241341,6.81258362066938,205528000
2018-09-18,6.704234600067139,6.882836117583296,6.697555963212411,6.780177613294013,299520000
2018-09-19,6.7279815673828125,6.745792364554479,6.635712588493468,6.685681336944088,224860000
2018-09-20,6.586979866027832,6.648327532539268,6.533053010441323,6.6060273060735675,430584000
2018-09-21,6.516974925994873,6.644371040128891,6.483827562009334,6.598854869429416,435128000
2018-09-24,6.572634696960449,6.576097869171685,6.398980673480155,6.486054919857725,293912000
2018-09-25,6.6396708488464355,6.664655225404641,6.5530910878733595,6.63868143865924,280388000
2018-09-26,6.60281229019165,6.684939465478431,6.586980784311211,6.644618053395329,268548000
2018-09-27,6.614686012268066,6.659212770347407,6.583270235767039,6.637938801426124,214428000
2018-09-28,6.951603889465332,6.973867266689335,6.71858107591866,6.746534150636501,709396000
2018-10-01,7.157912731170654,7.224702405153943,6.99069013205169,7.029279962617605,622060000
2018-10-02,7.086669445037842,7.242017693488077,7.064406064856786,7.130454029817686,383964000
2018-10-03,7.09285306930542,7.164343020632747,6.988957460357177,7.156921737200125,320552000
2018-10-04,6.908809185028076,7.080978798767862,6.831876774863411,7.056736601494195,391220000
2018-10-05,6.675539970397949,6.946163248925775,6.618149930657913,6.884073392637456,426636000
2018-10-08,6.574365139007568,6.707697717759695,6.433611276027734,6.59242317265542,408612000
2018-10-09,6.568676948547363,6.648329908109171,6.50089738507235,6.553834377750684,273500000
2018-10-10,6.077645778656006,6.508565326266384,6.075419251687974,6.462801444779352,684940000
2018-10-11,5.816421985626221,6.123903487582544,5.794900781144436,5.990570441807956,725436000
2018-10-12,6.098672389984131,6.1728838261079435,5.928234312350573,6.073193540733258,608236000
2018-10-15,5.822606086730957,6.085313590991073,5.821616676578489,6.085313590991073,449760000
2018-10-16,6.0811076164245605,6.092239305179087,5.885932447295425,5.9351590180081795,408712000
2018-10-17,6.012587547302246,6.181294510431479,5.963608197714108,6.143199146203947,329668000
2018-10-18,5.925263404846191,6.120191320698833,5.864905151175235,6.081849207865503,524020000
2018-10-19,5.6689887046813965,5.999970213076318,5.63262540611847,5.980428301828371,613608000
2018-10-22,5.719700813293457,5.8211226836767285,5.617042297973618,5.721185164674777,368844000
2018-10-23,5.4683732986450195,5.545800208571613,5.360766775632999,5.4527885509771945,626436000
2018-10-24,4.9328155517578125,5.4765359451811015,4.9189628629854765,5.430030355210597,884288000
2018-10-25,5.141347408294678,5.188595159343033,4.791070768860585,4.835350289730436,951720000
2018-10-26,4.905109405517578,5.067136769292304,4.777218817229926,4.905603874712344,664784000
2018-10-29,4.5916900634765625,5.049572695252985,4.353966966959288,5.046109524275561,758016000
2018-10-30,5.021620750427246,5.031515796486237,4.5916910961498605,4.614696653597426,807192000
2018-10-31,5.215312480926514,5.258849837672039,5.0466055184262295,5.186122753346794,745772000
2018-11-01,5.395397186279297,5.404797289971184,5.125268412199563,5.251674635167855,566528000
2018-11-02,5.316486835479736,5.491625191679545,5.199975165957487,5.385997978722489,452960000
2018-11-05,5.238564491271973,5.3266286019097615,5.0780210135951505,5.303375339716033,379332000
2018-11-06,5.221002578735352,5.3147559369879875,5.183896622134259,5.230649919850028,299012000
2018-11-07,5.288532733917236,5.378080715270347,5.223969126281624,5.287543323842536,483812000
2018-11-08,5.095583915710449,5.230153117792413,5.042151527072607,5.229410942305845,511352000
2018-11-09,5.087667465209961,5.177957615027754,4.973135119078118,5.006777418100709,413240000
2018-11-12,4.68865966796875,5.018404526043291,4.666890758660313,4.996388382167304,617116000
2018-11-13,4.930340766906738,5.051552240335643,4.780186805114317,4.786371444308816,644712000
2018-11-14,4.877898216247559,5.117600165361843,4.770044960377225,5.103252538582947,526580000
2018-11-15,5.006530284881592,5.0785151716487364,4.836091788136995,4.8719606142460865,840708000
2018-11-16,4.0675129890441895,4.221624597657671,3.9977541439452753,4.040054850732546,1963520000
2018-11-19,3.579451322555542,4.0029493705978,3.5777197365459137,4.002207666726646,1697820000
2018-11-20,3.6877987384796143,3.815936547258066,3.2976956142785774,3.3162483512074563,1692032000
2018-11-21,3.579698085784912,3.8416634234545715,3.5524874183724475,3.824842270731728,1025496000
2018-11-23,3.586872100830078,3.7004150650182996,3.532203292433255,3.5450665692220227,411968000
2018-11-26,3.7860052585601807,3.7963947733887093,3.6254617760851735,3.707836190930004,814832000
2018-11-27,3.802825689315796,3.883963208046904,3.7241619315247965,3.760030521513061,738060000
2018-11-28,3.959658622741699,3.9648533793306,3.787983477109452,3.920326624670497,804524000
2018-11-29,3.8965163230895996,3.9990300513099,3.866306995508318,3.9618874509163176,549172000
2018-11-30,4.046820640563965,4.05746803205743,3.855906969630096,3.9061734352238338,729564000
2018-12-03,4.210495948791504,4.325390862277415,4.1436389826089135,4.273886278459166,890804000
2018-12-04,3.890326738357544,4.170877805423308,3.8752218354305326,4.165925331778989,812112000
2018-12-06,3.9195451736450195,3.924497410513186,3.7343268862961385,3.7499267512291925,692308000
2018-12-07,3.6550891399383545,3.9339071020600067,3.605813306355245,3.9237546735982303,681676000
2018-12-10,3.760326623916626,3.78508851645278,3.6065557860673674,3.610270140791863,629472000
2018-12-11,3.6694507598876953,3.8601164740954412,3.590460566960948,3.8519450829701536,671912000
2018-12-12,3.6870317459106445,3.7831074053135567,3.586003613639559,3.675145999944551,654136000
2018-12-13,3.686783790588379,3.797964343397347,3.6508793091919505,3.733831335221216,471384000
2018-12-14,3.6263654232025146,3.7288791571454554,3.602841649028397,3.645184206394901,471820000
2018-12-17,3.5552978515625,3.6684591800200077,3.4973552104475703,3.5964025147121053,662868000
2018-12-18,3.638498067855835,3.7224404871048242,3.5718888288257578,3.5991267171907424,564372000
2018-12-19,3.4297566413879395,3.6583081228484264,3.3782520555774735,3.604822500604131,745364000
2018-12-20,3.3453190326690674,3.511223101443563,3.2856430548572284,3.4213377937059306,749588000
2018-12-21,3.208385944366455,3.404747047028429,3.1809003349097695,3.3718137648403164,863740000
2018-12-24,3.146728754043579,3.2185379455360095,3.0828432344323438,3.1321192921432983,463840000
2018-12-26,3.295795440673828,3.2967858408120705,3.081853425117454,3.19278626959552,695100000
2018-12-27,3.248004913330078,3.277966760350411,3.0996817507019645,3.2435478766439565,637044000
2018-12-28,3.3094143867492676,3.4020236512278625,3.226710068592887,3.2685574277578042,628728000
2018-12-31,3.3057000637054443,3.385185222164874,3.2749952987569935,3.352747375093456,465140000
2019-01-02,3.3730521202087402,3.429013743136944,3.2202719163607765,3.234881381222815,508752000
2019-01-03,3.1692628860473633,3.3468050027285576,3.161834411800639,3.3128813142677016,705552000
2019-01-04,3.372309923171997,3.4104429320170873,3.211605786577287,3.242310320941079,585620000
2019-01-07,3.5508415699005127,3.5877366873539573,3.378251727789185,3.429508826663818,709160000
2019-01-08,3.46244215965271,3.634536816055823,3.389890036843315,3.632308061543531,786016000
2019-01-09,3.5305373668670654,3.577832398815382,3.463185196648294,3.513699147202186,617260000
2019-01-10,3.596155881881714,3.6048224734389516,3.450804153386844,3.5112230484738736,523156000
2019-01-11,3.6852986812591553,3.708079538497349,3.546137301225491,3.5738703955257685,874764000
2019-01-14,3.725165367126465,3.750422463429063,3.6095277512792596,3.633051529019275,730168000
2019-01-15,3.7110509872436523,3.797221943267232,3.692727166916526,3.7578505840273353,617012000
2019-01-16,3.6855461597442627,3.7712219153154525,3.680098722595817,3.7382888658650337,470104000
2019-01-17,3.7568600177764893,3.7967265753472876,3.6253748349137225,3.6526129641538416,493436000
2019-01-18,3.885869026184082,3.911869037587816,3.7551267594139857,3.806631345995397,651336000
2019-01-22,3.6838130950927734,3.8672980837653896,3.653603762135762,3.85566005430992,661552000
2019-01-23,3.696688652038574,3.8276786281555033,3.6654889238183594,3.7390314439548784,591020000
2019-01-24,3.9084033966064453,3.925984066556023,3.776422977941209,3.781127734112032,708972000
2019-01-25,3.965602159500122,3.9836782623502893,3.746460406726317,3.848974150204566,1154572000
2019-01-28,3.417375326156616,3.507260623513946,3.243795322037681,3.381223127206372,2511528000
2019-01-29,3.258652687072754,3.419604521098029,3.2440432219899566,3.371318852816988,1153932000
2019-01-30,3.4020237922668457,3.4163855399650047,3.255186215779982,3.3346716185944336,974228000
2019-01-31,3.5595083236694336,3.59516532462294,3.37701376428753,3.3988042193554775,842852000
2019-02-01,3.583775520324707,3.634784914001765,3.530537844051545,3.578080364393142,625048000
2019-02-04,3.693964719772339,3.7311073186872235,3.5775842144138106,3.5996221501393917,528592000
2019-02-05,3.713031768798828,3.7496791731204335,3.672174809486618,3.7058507771176155,542424000
2019-02-06,3.7885549068450928,3.852935634337346,3.740764679334383,3.7462121158666477,702464000
2019-02-07,3.6503841876983643,3.7444790489285333,3.6075464299573263,3.7422505305478992,637120000
2019-02-08,3.6689555644989014,3.6796029558674137,3.5689178345378014,3.5832795804759408,461604000
2019-02-11,3.6263654232025146,3.6791078903680257,3.5780797566191254,3.6248795868615664,495180000
2019-02-12,3.7432405948638916,3.7588406944226036,3.650383860208368,3.6647458416340464,591060000
2019-02-13,3.785583734512329,3.8586310580795686,3.7590885235415303,3.7727075881158356,605372000
2019-02-14,3.8264400959014893,3.8546686207910352,3.7415070393100787,3.7845927447064582,827264000
2019-02-15,3.896021842956543,4.057716138051119,3.8732409840151694,4.034935515256683,1516748000
2019-02-19,3.878687858581543,3.9591638895349415,3.8663071487243155,3.8853736497137206,551892000
2019-02-20,3.925983190536499,3.9930876443945174,3.8967644957676106,3.907907088268035,540988000
2019-02-21,3.857145071029663,3.9631254384785057,3.8425356068869903,3.9386115010375433,448548000
2019-02-22,3.94183087348938,3.960649894447038,3.8952787573494283,3.908897822960406,401740000
2019-02-25,3.9294493198394775,4.09262940946837,3.9207824933063686,4.025277486382868,656020000
2019-02-26,3.890078067779541,3.9807062824177173,3.8566495873057502,3.9247446663612737,488464000
2019-02-27,3.848231554031372,3.9022121456582624,3.7912792893798266,3.875717168040082,500256000
2019-02-28,3.8236913681030273,3.8643426940138186,3.8013829817409506,3.8420340712614696,324944000
2019-03-01,3.8779757022857666,3.9201139220134413,3.815263728497613,3.8735138360064068,357188000
2019-03-04,3.8861560821533203,3.939200883740636,3.8296408345573885,3.9163965477958653,409992000
2019-03-05,3.879711389541626,3.917883695502126,3.8162557224446934,3.870539918606182,362924000
2019-03-06,3.768911600112915,3.8792150871425233,3.766185074620006,3.8707875372597664,403524000
2019-03-07,3.6997551918029785,3.7550310443588213,3.653650810029538,3.7453638631214803,450104000
2019-03-08,3.733962059020996,3.7446206618690914,3.58920395909673,3.61052116479292,422416000
2019-03-11,3.9942281246185303,4.017032220525099,3.7104132468627493,3.7575092789922193,859728000
2019-03-12,4.028435230255127,4.074787111462643,3.9458931773160653,4.021990285337991,579576000
2019-03-13,4.179638385772705,4.208887435194801,4.058428293901747,4.065864661185233,768900000
2019-03-14,4.103788375854492,4.200706976177281,4.0961042731064214,4.188808980129908,519384000
2019-03-15,4.209136009216309,4.251769956100465,4.1434492744807985,4.146919484957192,661484000
2019-03-18,4.187817096710205,4.294402629756358,4.160798635174207,4.240613916460844,486992000
2019-03-19,4.355377674102783,4.399747167200158,4.2654000033125685,4.2822550966381,854972000
2019-03-20,4.322908401489258,4.437673521455852,4.2882058347189105,4.3843807498112275,719148000
2019-03-21,4.559381008148193,4.585655799666375,4.34100498695389,4.345962566150645,824312000
2019-03-22,4.399749279022217,4.580696600692123,4.385868440404318,4.532113665529477,747644000
2019-03-25,4.3075408935546875,4.423297453120556,4.241358694459646,4.359098568846415,525212000
2019-03-26,4.3841328620910645,4.505094712857802,4.327865357021131,4.449075417579673,703508000
2019-03-27,4.374961853027344,4.4560163056173785,4.305557660121188,4.409664422261027,474372000
2019-03-28,4.393553256988525,4.45923951405101,4.34050820984526,4.400989151580847,480264000
2019-03-29,4.450811386108398,4.475103328561793,4.40991255062805,4.460230594950168,456896000
2019-04-01,4.5182318687438965,4.548472328288547,4.470888101591923,4.542523331173803,483824000
2019-04-02,4.536078453063965,4.580447958692014,4.499393521901843,4.542275660034518,440920000
2019-04-03,4.675384998321533,4.7343790458682875,4.580697426859781,4.585655005197632,783504000
2019-04-04,4.666460037231445,4.708846229198485,4.603748065144978,4.660015093181668,457376000
2019-04-05,4.7331390380859375,4.750490560887049,4.673154046983878,4.709591252026839,481744000
2019-04-08,4.7539591789245605,4.7789943245391795,4.678605532320205,4.702649257234318,424192000
2019-04-09,4.69124698638916,4.731650332886938,4.649108535553082,4.720496023172079,439972000
2019-04-10,4.7616424560546875,4.787421283486873,4.686041550831517,4.690503180044691,444772000
2019-04-11,4.747762680053711,4.795602400034655,4.698436065190567,4.764122306002446,374600000
2019-04-12,4.7098388671875,4.790397851946734,4.7011633424018155,4.786431695138717,471708000
2019-04-15,4.578217029571533,4.70711118439683,4.538557362360754,4.7021536078003505,440092000
2019-04-16,4.665220737457275,4.684059151396104,4.584662240587354,4.61738149157994,394964000
2019-04-17,4.6424174308776855,4.720993099487899,4.62010880387607,4.700171840361227,351004000
2019-04-18,4.617877006530762,4.683067772083667,4.590115332177181,4.649109362959098,380988000
2019-04-22,4.671666145324707,4.687282088559057,4.56285001675358,4.594329640256938,279936000
2019-04-23,4.726197719573975,4.757430076453827,4.675136000252518,4.684802944457456,346856000
2019-04-24,4.738592624664307,4.7792437242104535,4.675880633930108,4.736609309792808,318204000
2019-04-25,4.632997035980225,4.720744153643242,4.553429966754181,4.698435532353966,499296000
2019-04-26,4.414374351501465,4.483779026018378,4.29564305178191,4.479316922094762,868988000
2019-04-29,4.445110321044922,4.472871998947083,4.350174554563525,4.422305747924848,391920000
2019-04-30,4.486504554748535,4.512035177805658,4.39379985128873,4.412886002523264,362920000
2019-05-01,4.473366737365723,4.580943682956027,4.473118527608206,4.538805230617688,354280000
2019-05-02,4.540788650512695,4.582431161421947,4.439904372692867,4.4830342512147485,394684000
2019-05-03,4.536326885223389,4.559130981628011,4.474854068726424,4.54921630099399,336824000
2019-05-06,4.458000183105469,4.470145918397513,4.312994098026153,4.350174987888833,422176000
2019-05-07,4.290933132171631,4.409664416633841,4.242845671273384,4.409664416633841,555220000
2019-05-08,4.311010837554932,4.391073871553678,4.251521324991654,4.263419322060434,419168000
2019-05-09,4.218553066253662,4.2517682624256565,4.099822273281469,4.2421013189180234,660248000
2019-05-10,4.184594631195068,4.253255601624408,4.065119682464196,4.187817103269643,569500000
2019-05-13,3.9275503158569336,4.075778597136489,3.9116864013488333,4.052726290962937,656912000
2019-05-14,4.016536712646484,4.051734749753598,3.9285416198787013,3.967209629629472,524880000
2019-05-15,3.9555604457855225,3.991997646177927,3.9017719611969133,3.9610134971586377,502320000
2019-05-16,3.970679759979248,4.013314161077269,3.9077202882386697,3.9501064795673853,781088000
2019-05-17,3.8799595832824707,4.057932661990458,3.8405478783297,3.92879073370619,1022068000
2019-05-20,3.7614758014678955,3.8363335181039435,3.736688387279552,3.7813056382624497,572064000
2019-05-21,3.8435213565826416,3.859385271984661,3.783536140697449,3.8222043901666933,361848000
2019-05-22,3.772629737854004,3.8308798480781565,3.761723163231834,3.804853278528092,325868000
2019-05-23,3.651667356491089,3.71041317239054,3.591929883457583,3.71041317239054,591844000
2019-05-24,3.5978798866271973,3.705704605345006,3.5911872037597283,3.670506558806422,357584000
2019-05-28,3.5527660846710205,3.6481973089986552,3.550783006705381,3.615478059102354,428356000
2019-05-29,3.4786527156829834,3.540125071095557,3.4439503813001386,3.5051749996643733,559800000
2019-05-30,3.4520998001098633,3.5176129997385956,3.413883688106398,3.4818785056992767,394300000
2019-05-31,3.361522912979126,3.4704634892612543,3.359785827593994,3.403213198882425,389720000
2019-06-03,3.3198328018188477,3.4114022858816906,3.290550370638399,3.372689895169221,478644000
2019-06-04,3.5486326217651367,3.553843877651576,3.3617709959566513,3.383856828522054,641836000
2019-06-05,3.5059494972229004,3.627794187677335,3.469718728804367,3.6223346757717674,511616000
2019-06-06,3.567988395690918,3.592555843398238,3.507686457076579,3.5101680748232,408140000
2019-06-07,3.6106719970703125,3.644917429969432,3.554836769162879,3.5739449458952746,348856000
2019-06-10,3.6833813190460205,3.7518724125005205,3.666754762775281,3.666754762775281,402780000
2019-06-11,3.7409534454345703,3.7809066430594696,3.701496760735297,3.743186806959417,383872000
2019-06-12,3.6280434131622314,3.70373112567025,3.6129059179926637,3.6975270790203085,358892000
2019-06-13,3.6791627407073975,3.697526146173898,3.6325092209787107,3.6501283303631413,308080000
2019-06-14,3.589329719543457,3.6104229972255584,3.544661783074375,3.5861038057770656,394428000
2019-06-17,3.599008321762085,3.6359836257979934,3.564762655565564,3.587593020809871,276040000
2019-06-18,3.7938108444213867,3.8491495539651006,3.6493840353792044,3.6603028234074393,581920000
2019-06-19,3.7997653484344482,3.840462829139166,3.773708841200053,3.8290477686951747,331644000
2019-06-20,3.8240857124328613,3.9042401265985758,3.809692754251881,3.8903434446776135,350168000
2019-06-21,3.7660176753997803,3.8583319362723727,3.759565609765141,3.8091970295147672,434428000
2019-06-24,3.788350820541382,3.81788150318179,3.7402084784745413,3.7873582681255984,282948000
2019-06-25,3.7590689659118652,3.868257794693554,3.7563393280233672,3.793314632724528,311868000
2019-06-26,3.9521353244781494,4.01318205476529,3.873469953713993,3.8863740867300955,584072000
2019-06-27,4.050652980804443,4.0697609217846145,4.001766092418589,4.0377488491486995,445440000
2019-06-28,4.075467586517334,4.103757460552952,4.028814309330252,4.094575522317128,397668000
2019-07-01,4.123610019683838,4.316675433416628,4.086138206588349,4.282429770761454,709756000
2019-07-02,4.0258355140686035,4.1280759700225715,4.012683368306694,4.10698245953639,400228000
2019-07-03,4.038740158081055,4.05487043601337,3.9789347351642497,4.049162668133274,246636000
2019-07-05,3.9762046337127686,3.984890057742626,3.9129245748436814,3.9804233358587147,396552000
2019-07-08,3.9012625217437744,3.9355081894863546,3.871235794174561,3.9166482702461005,329788000
2019-07-09,3.9037435054779053,3.9317851233026713,3.8464194609578852,3.8590753327807126,342860000
2019-07-10,3.971987009048462,4.029310823195761,3.9332746200195334,3.9471713022370607,452076000
2019-07-11,4.126339912414551,4.1670374051469015,4.0077211313339385,4.044944453629627,682560000
2019-07-12,4.159344673156738,4.230317623047764,4.154133417324343,4.154133417324343,506392000
2019-07-15,4.15090799331665,4.1965687314558435,4.122618584313724,4.180438921524079,289840000
2019-07-16,4.14619255065918,4.173241382538583,4.090605348098259,4.136018058733451,341444000
2019-07-17,4.211456775665283,4.218405115242195,4.118646270379244,4.1479286938305515,348204000
2019-07-18,4.223119735717773,4.285903283176077,4.165299423048929,4.22187916368047,442192000
2019-07-19,4.179941654205322,4.267788943467835,4.17398586566886,4.261337115323473,344896000
2019-07-22,4.251410484313965,4.264314613440293,4.193838179494945,4.201283033217133,315940000
2019-07-23,4.3591108322143555,4.36109593748177,4.274985725013915,4.290619967285724,428176000
2019-07-24,4.433557033538818,4.439264802250148,4.32635378692082,4.402289498828608,366236000
2019-07-25,4.302530765533447,4.404771252642297,4.279204123683019,4.392115142493998,392700000
2019-07-26,4.34446907043457,4.391122351603324,4.329579836157786,4.329579836157786,274160000
2019-07-29,4.338265419006348,4.354395699492456,4.2501701091487964,4.337272866461397,248160000
2019-07-30,4.353899002075195,4.366058598546031,4.277466779509722,4.291859974102234,197772000
2019-07-31,4.186890125274658,4.323376279602597,4.144703564601696,4.322383253715491,359416000
2019-08-01,4.09259033203125,4.287640842295191,4.040477307617723,4.197311947079872,421212000
2019-08-02,4.000027656555176,4.0692635084057995,3.9526300865301973,4.000027656555176,428348000
2019-08-05,3.741945743560791,3.8178814454010546,3.6950442110535437,3.8166406365700594,589156000
2019-08-06,3.780658721923828,3.8620539531895375,3.7330128829674027,3.816641475956048,361272000
2019-08-07,3.8188741207122803,3.8307856965451412,3.702488946544037,3.7198597974168814,372560000
2019-08-08,3.927318811416626,3.928559620416878,3.819122775191908,3.8764468257068865,309300000
2019-08-09,3.826070785522461,3.8898468953295846,3.775695080435501,3.8863727250932496,341816000
2019-08-12,3.758324384689331,3.8260709437598064,3.7364865732577073,3.773958151399416,279200000
2019-08-13,3.8724756240844727,3.9183846043104595,3.717874582569377,3.7568349859916856,351956000
2019-08-14,3.724078416824341,3.795547396900369,3.6804030341823624,3.7843803539722343,419880000
2019-08-15,3.6918179988861084,3.7627907008729746,3.6575725750329156,3.742938233229948,477200000
2019-08-16,3.9595797061920166,4.008714377055771,3.8930737068207644,3.9543684496358584,1007960000
2019-08-19,4.238009452819824,4.2538917113035914,4.056607602337402,4.072737880593051,815112000
2019-08-20,4.165794849395752,4.233045101297317,4.144701343701905,4.2325485886198155,463188000
2019-08-21,4.249176502227783,4.304267184161182,4.21021609857475,4.231805651765932,427244000
2019-08-22,4.2553815841674805,4.301290336647535,4.216172680040969,4.25885575491386,303488000
2019-08-23,4.031047344207764,4.233294687427818,4.011194876201635,4.178948538511534,568056000
2019-08-26,4.105742931365967,4.133784788125039,4.067527056360016,4.109713614737591,318208000
2019-08-27,4.015165328979492,4.146687744486093,3.9858829048499236,4.1439581072062435,290968000
2019-08-28,4.004734039306641,4.0573951981108545,3.9495888054715174,3.9888365276554643,255612000
2019-08-29,4.148309707641602,4.180601728956362,4.09266748050093,4.0961450900854235,357976000
2019-08-30,4.160976886749268,4.244191705549204,4.142843573381755,4.194511174284586,290616000
2019-09-03,4.0780110359191895,4.1212328826029285,4.055158312430891,4.08819559751691,296140000
2019-09-04,4.192028045654297,4.19948026916108,4.138621628327595,4.138621628327595,227728000
2019-09-05,4.464772701263428,4.470982649442789,4.292381848684692,4.29412065312646,695676000
2019-09-06,4.437696933746338,4.498306828145142,4.399691498658127,4.4414228081546065,376976000
2019-09-09,4.483651638031006,4.57009581931913,4.4672571254435836,4.468747664893921,417524000
2019-09-10,4.550223350524902,4.5768019505612365,4.441174715633058,4.4508622737446295,352812000
2019-09-11,4.578789710998535,4.62697971233285,4.535816123801105,4.564879273300177,361512000
2019-09-12,4.577299118041992,4.679889068655952,4.569350364277171,4.625240853510472,327840000
2019-09-13,4.51942253112793,4.547740416684391,4.475703665332577,4.510728505797724,324592000
2019-09-16,4.476446628570557,4.510974446744454,4.433970059017557,4.444402884037991,231832000
2019-09-17,4.497810363769531,4.502033242595779,4.43670346411562,4.48315465741563,223048000
2019-09-18,4.470734596252441,4.506504699218102,4.38429089143522,4.490855456841406,258152000
2019-09-19,4.395220756530762,4.495078369144471,4.384539189107596,4.476696313128326,245476000
2019-09-20,4.289648532867432,4.4178239897925105,4.279464446465386,4.394225999961076,350244000
2019-09-23,4.3430562019348145,4.388513864421871,4.286172175945748,4.289898524535677,249712000
2019-09-24,4.285675525665283,4.403914718861197,4.250154162024822,4.374355039009405,317268000
2019-09-25,4.427265167236328,4.44688902648033,4.2404668170869675,4.2851792158550435,308432000
2019-09-26,4.405156135559082,4.426270529177949,4.354233799381316,4.417576506449211,234564000
2019-09-27,4.266549110412598,4.4140997332501275,4.205938731326209,4.363425652757466,362056000
2019-09-30,4.323927402496338,4.334111961074368,4.261081720854043,4.2923806659704935,186184000
2019-10-01,4.32219123840332,4.496072688448323,4.317471827817279,4.347031513236725,366008000
2019-10-02,4.298344135284424,4.312254572772239,4.226059134377036,4.300331205271614,293372000
2019-10-03,4.503771781921387,4.5099817302570395,4.272509837768459,4.302814783628945,450588000
2019-10-04,4.520167350769043,4.549478768616811,4.4409271216900095,4.50600817250666,265524000
2019-10-07,4.578789710998535,4.6783985839980335,4.576305636582578,4.584999660144053,480984000
2019-10-08,4.402423858642578,4.487128752025181,4.384290543295214,4.487128752025181,444436000
2019-10-09,4.488868713378906,4.538300997521796,4.450366737622319,4.479181153102585,292412000
2019-10-10,4.546497821807861,4.5974201696329065,4.481416769097177,4.486633183927551,309124000
2019-10-11,4.620024681091309,4.703239045355618,4.611578922491844,4.630457509788729,446404000
2019-10-14,4.633438587188721,4.654304246710248,4.580280429445844,4.611330653387778,200040000
2019-10-15,4.877864360809326,4.95039809137239,4.709696384956442,4.723607294423642,664124000
2019-10-16,4.8242106437683105,4.9486602675172895,4.812784279880855,4.843834501041377,428944000
2019-10-17,4.82619571685791,4.913632916736965,4.771795317559549,4.868672280159564,263436000
2019-10-18,4.731805324554443,4.85923555549414,4.657533247433054,4.826694794334859,307440000
2019-10-21,4.868922233581543,4.882336139163956,4.7742810462507475,4.793159630661487,261868000
2019-10-22,4.858987331390381,5.030881219658988,4.8512868422431765,4.925807185318741,328720000
2019-10-23,4.846070766448975,4.860229471534852,4.745219604513323,4.777015098409995,279916000
2019-10-24,4.890037536621094,4.923571359238547,4.853273895856996,4.887304722909807,232020000
2019-10-25,5.080809116363525,5.1016747707713055,4.9628181995435785,4.970518687306741,423092000
2019-10-28,5.13670015335083,5.18911256029062,5.095216631561461,5.124528046514247,330792000
2019-10-29,5.0405683517456055,5.12924786518978,5.021193234752128,5.122789176999456,211236000
2019-10-30,5.042555332183838,5.073109020316152,4.9744932110349795,5.067395601925326,205960000
2019-10-31,4.993371963500977,5.042555500236992,4.913635211403139,5.021689843522698,209732000
2019-11-01,5.03237247467041,5.064664501584004,4.933011371391051,4.958099912570321,283640000
2019-11-04,5.228857040405273,5.241277413110653,5.090249187050157,5.1133501800834935,376716000
2019-11-05,5.2067484855651855,5.254689740121096,5.158806757220602,5.228607673617465,300868000
2019-11-06,5.157565593719482,5.208239193813134,5.070127883140323,5.182654128470489,269012000
2019-11-07,5.175202369689941,5.2586654740785965,5.130489975417849,5.244009765902245,280340000
2019-11-08,5.161293029785156,5.19284026208148,5.120803506246649,5.158312423967387,189100000
2019-11-11,5.171226978302002,5.194327965803184,5.074349989554942,5.1605454129544865,243436000
2019-11-12,5.2067484855651855,5.262638966493447,5.17445599712278,5.209480824848137,283504000
2019-11-13,5.180915355682373,5.203022811864566,5.114592039558323,5.17545020261961,300188000
2019-11-14,5.211219787597656,5.2134555964181795,5.129992507282294,5.189857129426733,518080000
2019-11-15,5.072115898132324,5.260652561120242,4.983932909683737,5.208984947465319,1053628000
2019-11-18,5.273072719573975,5.299651321277817,5.061682863543426,5.064663468615245,574588000
2019-11-19,5.166507720947266,5.26562005658897,5.108381899695247,5.242022061927123,414564000
2019-11-20,5.245748519897461,5.329459888793397,5.130986930145402,5.143655568076796,472588000
2019-11-21,5.2209086418151855,5.296919527552921,5.199297713003257,5.241277770166367,288388000
2019-11-22,5.238543510437012,5.289962369352295,5.214945046231308,5.2435111842483835,224100000
2019-11-25,5.494894504547119,5.4998626526423084,5.3535538656231445,5.366470766397429,506476000
2019-11-26,5.390317440032959,5.481977544592898,5.383858752821202,5.477257661816818,385244000
2019-11-27,5.4251203536987305,5.4701141901312225,5.3987705869446065,5.435809803647838,215784000
2019-11-29,5.387831687927246,5.422633439116357,5.363967359032828,5.39429514122711,141556000
2019-12-02,5.20164155960083,5.394295337032082,5.186478142091579,5.380871533007133,372036000
2019-12-03,5.162117004394531,5.166094076664347,4.980898491762538,5.018186152052847,465232000
2019-12-04,5.205867767333984,5.2680140273339715,5.17728054463059,5.245641335802909,273424000
2019-12-05,5.188962936401367,5.243403012120992,5.158386711185965,5.227742226876223,184884000
2019-12-06,5.274229049682617,5.307042744570594,5.24812773184507,5.258071361957496,232236000
2019-12-09,5.274229049682617,5.3289180670241985,5.242659019766264,5.251359459045446,211880000
2019-12-10,5.319222927093506,5.370928661542184,5.251607480586127,5.304307483137535,256388000
2019-12-11,5.40274715423584,5.408216340025426,5.327177562670897,5.329663470004647,233796000
2019-12-12,5.570045471191406,5.588192169629249,5.364963076233889,5.373911964126551,404348000
2019-12-13,5.568055629730225,5.692099685136238,5.514112444088463,5.573027443677887,454704000
2019-12-16,5.596892356872559,5.669230698851014,5.58744609823879,5.6155364256371545,320976000
2019-12-17,5.674948215484619,5.697569356379753,5.606090050531391,5.615536308968904,321196000
2019-12-18,5.705275058746338,5.7656812284331656,5.701297512416588,5.709749502030859,343548000
2019-12-19,5.853184223175049,5.8666080300170345,5.734857765867444,5.739829581300655,445360000
2019-12-20,5.950380325317383,5.9757358217799785,5.900414677876029,5.91955564300487,603044000
2019-12-23,5.936707019805908,6.011033882420966,5.9260180467716665,5.978966489179975,355060000
2019-12-24,5.931736469268799,5.948888898777331,5.886991083444516,5.921295942461581,138864000
2019-12-26,5.945905685424805,5.973995536815829,5.91632372070032,5.935216236710832,182852000
2019-12-27,5.8882341384887695,5.974493181049771,5.861883899436355,5.961069375956618,254644000
2019-12-30,5.77512788772583,5.871579007150527,5.743806308417609,5.86635874393249,258056000
2019-12-31,5.849205017089844,5.85865127331278,5.720686527252954,5.739827488138359,231004000
2020-01-02,5.963803768157959,5.963803768157959,5.884505550296847,5.934968095675587,237536000
2020-01-03,5.86834716796875,5.912098283248919,5.819375789570351,5.844234388573591,205384000
2020-01-06,5.8929572105407715,5.898177473983396,5.749026818972195,5.775128136185318,262636000
2020-01-07,5.964301109313965,6.010040762284661,5.876301978898439,5.921295812236685,314856000
2020-01-08,5.975486755371094,6.01675195985036,5.920052401950536,5.960074415808599,277108000
2020-01-09,6.041114330291748,6.11345267607093,5.987420054256741,6.061746936440658,255112000
2020-01-10,6.073430061340332,6.178581626426708,6.0592609099923775,6.148254313226695,316296000
2020-01-13,6.263845920562744,6.288952968255434,6.133835764415242,6.156457378912361,319840000
2020-01-14,6.1470112800598145,6.246445205302498,6.133835923434662,6.221089234322224,359088000
2020-01-15,6.104501247406006,6.182059830595378,6.0786483863428815,6.159687144131589,263104000
2020-01-16,6.188027381896973,6.193993464647111,6.134581559774977,6.157948519655376,284192000
2020-01-17,6.196728229522705,6.214626478954624,6.149248487016599,6.207168756490065,253792000
2020-01-21,6.163417816162109,6.196976854432715,6.129361406762414,6.160186089168899,217916000
2020-01-22,6.217360496520996,6.303867986192193,6.189767541283975,6.20866005785512,239240000
2020-01-23,6.285721778869629,6.294173769700094,6.168638520500725,6.2573834759438345,244516000
2020-01-24,6.226559162139893,6.450783010321496,6.172367512330804,6.40106580470724,373512000
2020-01-27,5.971013069152832,6.0219729859012325,5.772890562498944,5.92229013718489,470536000
2020-01-28,6.1641645431518555,6.196480395425806,5.983691339894044,6.0368887223115895,310976000
2020-01-29,6.103757381439209,6.185790426975521,6.063983338200734,6.149745481810295,258848000
2020-01-30,6.11046838760376,6.123892191463495,5.9511256737179945,6.006062657393327,290504000
2020-01-31,5.877296447753906,6.076661675944388,5.835534340017212,6.064729509694369,370420000
2020-02-03,5.974244594573975,5.993634007995882,5.852934876956835,5.859149408225992,255564000
2020-02-04,6.143282890319824,6.162424332080712,6.065973200110566,6.115938854061318,271544000
2020-02-05,6.233517169952393,6.274284997708073,6.150240952984799,6.264092922234595,208220000
2020-02-06,6.320274353027344,6.320274353027344,6.186784499679763,6.267823274549807,218284000
2020-02-07,6.254150867462158,6.302376423964702,6.2287948985436135,6.2802521818150865,189752000
2020-02-10,6.537040710449219,6.537786055878757,6.2718001514092725,6.276771965769414,529608000
2020-02-11,6.659343719482422,6.7739415190338645,6.583276767151044,6.645174571161196,638556000
2020-02-12,6.774937152862549,6.781400607181102,6.673265764706395,6.712045068202593,374644000
2020-02-13,6.731186866760254,6.798304955050314,6.689673202125797,6.717017713830288,528016000
2020-02-14,7.203746318817139,7.33251328983712,7.1095326552083975,7.140854235530953,1041924000
2020-02-18,7.372287750244141,7.39068337270847,7.081194733816154,7.100584150411243,620164000
2020-02-19,7.822972297668457,7.8406221000745715,7.494591619370636,7.494591619370636,694332000
2020-02-20,7.673819541931152,7.863241105185788,7.366816899872005,7.7749935395709695,810052000
2020-02-21,7.310140132904053,7.5868154972700355,7.225372733301837,7.561708450077723,768180000
2020-02-24,6.793331623077393,7.006866456625877,6.662078754814775,6.716518843394687,856916000
2020-02-25,6.5141706466674805,6.930301930876322,6.412499271487127,6.86840412228699,1055496000
2020-02-26,6.653378963470459,6.847275480502582,6.51292874628162,6.514419911465364,747732000
2020-02-27,6.283013820648193,6.6411905100878075,6.190733538467209,6.340222462355224,906416000
2020-02-28,6.717552661895752,6.777000110355166,6.0141338073688475,6.0307988288926,1133252000
2020-03-02,6.875746726989746,6.90460012185315,6.491950746144979,6.887437432968634,890744000
2020-03-03,6.613582134246826,6.991159895490663,6.528266351897922,6.9314638498857315,652792000
2020-03-04,7.076723575592041,7.086175484127031,6.646165254678037,6.720785660126154,597408000
2020-03-05,6.79764461517334,7.04413956219387,6.753121062405599,6.8774879345472195,540328000
2020-03-06,6.617311000823975,6.675763568811054,6.4173289048687,6.618305863455207,515412000
2020-03-09,6.104920864105225,6.45215313065251,5.924340216709666,5.967122164255437,614160000
2020-03-10,6.4939398765563965,6.4939398765563965,6.118600976007037,6.381014650643406,580648000
2020-03-11,6.130539894104004,6.382507276245163,6.03353389422231,6.354151552200165,499964000
2020-03-12,5.380359172821045,5.873100416742841,5.367673605207644,5.607950277656812,816540000
2020-03-13,5.990503311157227,5.99498043118963,5.4624417815793365,5.733312524970292,634836000
2020-03-16,4.885129451751709,5.623868804393567,4.825433423913696,5.283352042146694,726972000
2020-03-17,5.404236316680908,5.493531993435535,4.75081323317834,4.997308108726763,833632000
2020-03-18,5.0448174476623535,5.221915838198457,4.494121265098619,4.977162031994791,874268000
2020-03-19,5.297283172607422,5.390806930894805,4.810262418937481,5.02342686677516,765512000
2020-03-20,5.117696762084961,5.728835253713744,5.102275202274465,5.447268674676942,804636000
2020-03-23,5.290316581726074,5.384587051709071,4.937860991668966,5.116700479033214,643876000
2020-03-24,6.197946548461914,6.284506249716404,5.6723724650335825,5.6960019972439735,1101644000
2020-03-25,6.109398365020752,6.512346769675058,6.060646288704762,6.312862293100567,793432000
2020-03-26,6.398426055908203,6.522295239784668,6.21834262205559,6.316343477852053,696108000
2020-03-27,6.286247253417969,6.544681468954972,6.185509929720243,6.21834277196547,638828000
2020-03-30,6.606118679046631,6.615321989617182,6.307638034053594,6.3516639125853,602252000
2020-03-31,6.556621551513672,6.850127441216497,6.41111206661912,6.646165375488359,949960000
2020-04-01,6.045969486236572,6.5051320359178195,6.00144641848549,6.358876792283273,656912000
2020-04-02,6.354400634765625,6.367583396823031,6.0270670594457165,6.0750723908705835,675764000
2020-04-03,6.066863536834717,6.358379163287888,5.929562530422744,6.316840683163334,663212000
2020-04-06,6.676013946533203,6.712826720238885,6.2912226117750105,6.348680332456353,727884000
2020-04-07,6.442948818206787,6.92101519619481,6.399917805827614,6.897385191734249,784520000
2020-04-08,6.639945983886719,6.6648194485399435,6.482000028923903,6.551894232132744,542444000
2020-04-09,6.540453910827637,6.78844139261449,6.477524208175872,6.765558123153106,525564000
2020-04-13,6.712080478668213,6.720786122072241,6.392457643914677,6.480758012396661,398408000
2020-04-14,7.062795162200928,7.096871470661911,6.812568872966926,6.840178335247063,530948000
2020-04-15,6.98543643951416,7.068264798856222,6.849627970583774,6.894897302086624,366148000
2020-04-16,7.3301825523376465,7.437138127768252,7.127464912267185,7.140647674170319,745620000
2020-04-17,7.270985126495361,7.433656833323329,7.137166341338153,7.412265620583258,539120000
2020-04-20,7.139902114868164,7.300335493886379,7.095627633607135,7.144628306507121,449388000
2020-04-21,6.703622341156006,7.083189755050889,6.643926307064967,7.022001664063456,735160000
2020-04-22,7.1175150871276855,7.16029750557425,6.850126632313321,6.89564456745756,483356000
2020-04-23,7.064286231994629,7.291380147551621,7.039164167732887,7.159551578055297,424160000
2020-04-24,7.203079700469971,7.205069426004072,6.979468044624654,7.054088445216467,352328000
2020-04-27,7.38938045501709,7.549067532190591,7.312770338618193,7.337395205269283,479388000
2020-04-28,7.247106552124023,7.566480789850535,7.241634568960474,7.536632530726662,442904000
2020-04-29,7.423705577850342,7.476437091425486,7.30655184761214,7.381669430333715,379160000
2020-04-30,7.269989490509033,7.423706940505074,7.2560604626028455,7.3697314829466665,375916000
2020-05-01,7.033692836761475,7.185917767812462,6.985438429326991,7.0727439323957615,342096000
2020-05-04,7.245364665985107,7.259045096885763,6.986432764934915,6.986432764934915,317556000
2020-05-05,7.306305408477783,7.468728519073253,7.245365430153509,7.349336431311147,368896000
2020-05-06,7.407041072845459,7.511758322789601,7.34784270723366,7.385650337882286,323464000
2020-05-07,7.5831451416015625,7.646323437213887,7.494844780887304,7.546083773903831,373732000
2020-05-08,7.772928714752197,7.779146962839616,7.620952397339861,7.6547801034035805,339216000
2020-05-11,8.024649620056152,8.071411503262857,7.739351653989757,7.7679559822995365,469060000
2020-05-12,7.762979507446289,8.131105315022058,7.753279002014851,8.08235371634575,493060000
2020-05-13,7.740593910217285,8.037581571057249,7.556281934861087,7.877397272370404,625852000
2020-05-14,7.9898223876953125,7.995294368365293,7.648559423983355,7.802028223966848,602312000
2020-05-15,8.447741508483887,8.457441536624478,7.834115337224185,7.849785489306927,987660000
2020-05-18,8.705927848815918,8.871335982321789,8.636531315491272,8.716126021314118,774460000
2020-05-19,8.76089859008789,9.041469799498309,8.718364769756874,8.745725629128797,717320000
2020-05-20,8.924564361572266,8.997194547800392,8.843725728905925,8.945457898801426,587536000
2020-05-21,8.730803489685059,9.006648548506421,8.69324445182905,9.005654160074906,761068000
2020-05-22,8.98052978515625,9.046942204307483,8.669115477795355,8.780547685374982,1038764000
2020-05-26,8.673592567443848,9.135243019223017,8.62807463372257,9.110369079581073,770780000
2020-05-27,8.482070922851562,8.589025573529495,7.956247166584829,8.581315266741862,1175892000
2020-05-28,8.444014549255371,8.716128787061324,8.336809405476911,8.369642255768241,734896000
2020-05-29,8.830544471740723,8.830544471740723,8.442022323211523,8.511170268712194,745256000
2020-06-01,8.761646270751953,8.795971650904905,8.645487840751274,8.788509941773912,389876000
2020-06-02,8.780549049377441,8.792488351879058,8.614146503329726,8.751696604772091,391320000
2020-06-03,8.725083351135254,8.821343582482726,8.655935390369573,8.77756676342232,365440000
2020-06-04,8.726075172424316,8.902009351339903,8.637484882877722,8.687751926750261,424280000
2020-06-05,8.878865242004395,8.955509820167032,8.667842992358645,8.753944262218782,481748000
2020-06-08,8.764400482177734,8.84875892563933,8.645700047300858,8.836316752947287,387736000
2020-06-09,9.004289627075195,9.067745950107147,8.710899416736416,8.759424561032304,468488000
2020-06-10,9.32355785369873,9.456193647383984,9.111291031556593,9.125476073854845,632180000
2020-06-11,8.75568962097168,9.21854464450774,8.745486794003435,9.107807709528801,583652000
2020-06-12,8.89130973815918,9.144885268344536,8.663116916824086,9.120249640232714,570908000
2020-06-15,9.131448745727539,9.139909650009946,8.703431219632431,8.774602299815214,400004000
2020-06-16,9.026684761047363,9.224021398349738,8.797994456053088,9.182463952946726,535716000
2020-06-17,9.193411827087402,9.256121053617617,9.028425617741286,9.071725930471368,408304000
2020-06-18,9.175496101379395,9.239698546814658,9.072472976600096,9.184454427604352,254408000
2020-06-19,9.218547821044922,9.401450739385544,9.184705142445814,9.199885032869037,524160000
2020-06-22,9.48282241821289,9.487302056324824,9.230491304611464,9.257118524157914,398468000
2020-06-23,9.406428337097168,9.59804088396687,9.364124749110477,9.506962485497636,375108000
2020-06-24,9.192914009094238,9.512433926958058,9.10233306985164,9.432553235534522,449372000
2020-06-25,9.446239471435547,9.461170645155038,9.139908819257684,9.312608836578514,376072000
2020-06-26,9.112785339355469,9.456194784156569,9.082923937413547,9.456194784156569,592084000
2020-06-29,9.157577514648438,9.162057151917535,8.858960660515779,9.127467403493844,342248000
2020-06-30,9.45395565032959,9.482323840413832,9.223772146240533,9.271052779473228,367892000
2020-07-01,9.486056327819824,9.531595986934233,9.369596194012617,9.476849291492085,326648000
2020-07-02,9.567928314208984,9.692600650706597,9.534084693053664,9.594554582855501,364056000
2020-07-06,9.793878555297852,9.863058044346857,9.667713036457133,9.696828302232177,315892000
2020-07-07,9.82623291015625,10.023568630701273,9.805329828732345,9.900389486802665,357800000
2020-07-08,10.168892860412598,10.177852135345317,9.919548208152843,9.94766768707391,365480000
2020-07-09,10.460541725158691,10.521260318665224,10.186311788352297,10.332385556783915,494548000
2020-07-10,10.430931091308594,10.606119214480618,10.330894381296,10.539926128477521,497676000
2020-07-13,10.005898475646973,10.74248607038914,9.978773838195186,10.546146184871182,457076000
2020-07-14,10.329153060913086,10.354784490993348,9.740380097949847,10.028545492174292,542676000
2020-07-15,10.180088996887207,10.384889732182657,10.009379632877474,10.366226953816128,403984000
2020-07-16,10.088020324707031,10.159687893830071,9.849873293685468,9.968822453903256,344964000
2020-07-17,10.154459953308105,10.201243163954526,10.041234957876577,10.178349454335393,266284000
2020-07-20,10.462284088134766,10.482689743606029,10.109916313278463,10.226874817153762,284852000
2020-07-21,10.28087329864502,10.51130643491116,10.239315860666807,10.464522279095037,277036000
2020-07-22,10.390615463256836,10.553610081158391,10.24404428269113,10.319694046760755,367292000
2020-07-23,10.083041191101074,10.498366900172412,9.984995131598533,10.401814053155686,411660000
2020-07-24,10.147492408752441,10.3169573132017,9.731917986447955,9.829465676237367,473292000
2020-07-27,10.373444557189941,10.393600550017624,10.170633482181762,10.185067234875442,292132000
2020-07-28,10.16839599609375,10.334128352270644,10.162175384539536,10.326414528145886,271636000
2020-07-29,10.417241096496582,10.467756856562863,10.299287769750446,10.342835838773102,284508000
2020-07-30,10.565058708190918,10.574017034136663,10.24777809844735,10.327160428519084,308880000
2020-07-31,10.56580638885498,10.716857247191735,10.384894123228854,10.514543531098658,386080000
2020-08-03,10.959482192993164,11.047574145206553,10.665842352281864,10.683012873856836,412720000
2020-08-04,11.17597770690918,11.17597770690918,10.855711635123345,10.999047691929793,310336000
2020-08-05,11.234704971313477,11.319313061745826,11.11476100189389,11.19215269021843,249924000
2020-08-06,11.283228874206543,11.305625158921611,11.12720196194836,11.297412966361527,244316000
2020-08-07,11.147857666015625,11.451700283827373,10.986604966220375,11.26033652411239,342516000
2020-08-10,11.113517761230469,11.35564602075613,10.806439976810287,11.281987829661926,427796000
2020-08-11,10.799970626831055,11.085398252455002,10.745970061739232,11.022688071909158,354512000
2020-08-12,11.387497901916504,11.414124166853671,10.907720117790364,10.940070521825936,464412000
2020-08-13,11.390235900878906,11.667700995815364,11.303388455676876,11.492760654115996,374460000
2020-08-14,11.510676383972168,11.65077729131371,11.387745994440417,11.476832769368302,366436000
2020-08-17,12.280112266540527,12.352526897277611,11.76275926318703,11.796601930068785,621300000
2020-08-18,12.204216003417969,12.438381746178354,12.03052110177565,12.392593371852119,503448000
2020-08-19,12.08253002166748,12.258215556136781,12.042216127810235,12.239801481703257,622624000
2020-08-20,12.085015296936035,12.317936482744432,11.823974635542019,11.919781339780561,921388000
2020-08-21,12.625020980834961,12.749693358957888,12.139021406597985,12.145491680322124,999868000
2020-08-24,12.661598205566406,12.85296200879442,12.449828743725128,12.824344154765107,490564000
2020-08-25,12.691208839416504,12.702406509210157,12.515771085101091,12.572508413508759,289076000
2020-08-26,12.714103698730469,12.809163342409363,12.619292765610336,12.740232546554608,321244000
2020-08-27,12.570019721984863,12.790747463917562,12.50855404867162,12.722562809357813,317604000
2020-08-28,13.08712387084961,13.087372581370376,12.584203668831243,12.616554072790118,537160000
2020-08-31,13.312830924987793,13.512405963302939,12.977633636999434,13.121964553482815,500840000
2020-09-01,13.76138687133789,13.933391281331938,13.378544809007552,13.421857130089242,511316000
2020-09-02,14.284623146057129,14.663233083960714,13.840048150440946,14.640331570164454,874012000
2020-09-03,12.95936107635498,13.824612353112618,12.823200691803297,13.76910292266537,945128000
2020-09-04,12.56805419921875,13.118170803507198,11.65426248881566,12.728607823676837,1463684000
2020-09-08,11.861617088317871,12.495869670621197,11.653767694372018,11.683886817797339,795728000
2020-09-09,12.660160064697266,12.754003288807494,12.178993717738349,12.346518135182787,736200000
2020-09-10,12.258647918701172,13.008897940882886,12.11452165542531,12.933225527994797,698684000
2020-09-11,12.112030029296875,12.59792501247705,11.844439062362628,12.431645530559448,636928000
2020-09-14,12.816728591918945,13.257568885233198,12.576768855905764,13.024578926203295,1201744000
2020-09-15,12.934965133666992,13.241387442148234,12.772419322351125,13.22271812799774,727556000
2020-09-16,12.460521697998047,13.036277502029263,12.459775343133906,12.901361990824535,556384000
2020-09-17,12.409743309020996,12.535449042053106,11.982842526145728,12.079921843900053,792512000
2020-09-18,12.136676788330078,12.578014719586728,11.937042024151966,12.539432155276181,698460000
2020-09-21,12.463261604309082,12.46848893761649,11.853154418113043,11.873566181378445,721044000
2020-09-22,12.583239555358887,12.593445435426194,12.10307037011186,12.520760350235273,646452000
2020-09-23,12.071456909179688,12.672105439487142,12.027149449148329,12.5212581987383,647012000
2020-09-24,12.29473876953125,12.515283765429503,11.962179781141215,12.020178955986067,731240000
2020-09-25,12.818222999572754,12.827931310749506,12.19293236465039,12.393811984118468,588016000
2020-09-28,12.978776931762695,12.995455019452848,12.695006353439096,12.984004264530533,573808000
2020-09-29,13.168704986572266,13.384769035049606,12.877467046243323,12.881698289843444,621460000
2020-09-30,13.472139358520508,13.563742542883896,13.093529512118515,13.100748073599721,689184000
2020-10-01,13.555777549743652,13.703387740885159,13.40269029134298,13.698658927613552,525004000
2020-10-02,13.005908012390137,13.461185373676592,12.994706043864863,13.167956256914096,552496000
2020-10-05,13.58365535736084,13.585397801441708,13.165715663762136,13.178908861614774,479820000
2020-10-06,13.677250862121582,14.081002250444271,13.606059434041683,13.77034771021102,784420000
2020-10-07,13.903770446777344,14.058351371895522,13.803703815426886,13.939366637867233,418084000
2020-10-08,13.779059410095215,14.023749845653542,13.69865819405258,14.014290320495087,378900000
2020-10-09,13.703389167785645,13.764624457346555,13.601829820935107,13.707621361148332,346892000
2020-10-12,14.164640426635742,14.285118819607398,13.852493157883188,13.929160708195548,434744000
2020-10-13,14.186793327331543,14.28661116418,13.958283407222073,14.234835409119126,344604000
2020-10-14,14.034451484680176,14.280883383035329,13.89978478272532,14.228858850059002,276100000
2020-10-15,13.909745216369629,13.94534045823671,13.70836707735876,13.751181831148036,267224000
2020-10-16,13.751930236816406,14.060593616519055,13.733012131137697,13.976208970765407,242392000
2020-10-19,13.439533233642578,13.923187396795523,13.348925170537576,13.843034950198934,298068000
2020-10-20,13.58664321899414,13.740228038744753,13.448740396598476,13.524910369339894,229212000
2020-10-21,13.466414451599121,13.732014232770208,13.419368456639658,13.56623229376561,219596000
2020-10-22,13.303370475769043,13.553038513396526,13.174677441609322,13.464173860061539,290480000
2020-10-23,13.531632423400879,13.534619742053748,13.233922285663485,13.391987145890786,233484000
2020-10-26,13.084568977355957,13.633690573268522,12.98226233213433,13.369086871327628,336896000
2020-10-27,13.338966369628906,13.384021132448181,13.134600935706988,13.248607109488976,250520000
2020-10-28,12.57253646850586,13.20280655451587,12.554614456414914,13.141073702441242,376520000
2020-10-29,12.96782398223877,13.135845925987597,12.695005654386499,12.783123951718173,320080000
2020-10-30,12.479939460754395,12.88070262306885,12.246948531109375,12.794576492375915,416820000
2020-11-02,12.526487350463867,12.781382741885674,12.3415385171396,12.603154900907724,299652000
2020-11-03,12.963343620300293,13.048474603240864,12.548391206447642,12.653685165437649,272900000
2020-11-04,13.73475170135498,13.767859091534874,13.279474284873544,13.331498827212098,410228000
2020-11-05,14.09892463684082,14.277152471503854,13.930653897861085,14.1014143855421,319028000
2020-11-06,14.499190330505371,14.525824562918741,13.83506746873094,14.048890531552257,383348000
2020-11-09,13.5719575881958,14.628132371643925,13.552044345915604,14.489731966855251,582976000
2020-11-10,12.714920997619629,13.547812230313847,12.573782058299438,13.547812230313847,644068000
2020-11-11,13.360122680664062,13.37704954994391,12.892398509548538,12.997443663485662,404744000
2020-11-12,13.39870834350586,13.706624366727366,13.258565493925284,13.420862549659276,365812000
2020-11-13,13.239648818969727,13.609795307478402,13.002924202135992,13.568474209414886,346312000
2020-11-16,13.45695686340332,13.590627511150926,13.099256295266624,13.115684649662638,413776000
2020-11-17,13.36435604095459,13.53760531971783,13.246367406234198,13.494044215080645,312028000
2020-11-18,13.370830535888672,13.54706716328865,13.128132233120537,13.407173085056655,510924000
2020-11-19,13.382277488708496,13.429323476395687,13.04349510107986,13.155758820653855,565936000
2020-11-20,13.031296730041504,13.436291949973834,13.00864401082708,13.395966957230751,341088000
2020-11-23,13.083324432373047,13.324777827155184,12.959361156671875,13.114439643775567,361356000
2020-11-24,12.901859283447266,13.105227670734758,12.829422986955962,13.08581200094348,346500000
2020-11-25,13.177665710449219,13.212265811659313,12.963842630406676,12.976288525531565,259916000
2020-11-27,13.204051971435547,13.349671896984008,13.113693646794417,13.317311808022017,167276000
2020-11-30,13.343695640563965,13.354648825249436,12.916297341464292,13.207784992620201,286952000
2020-12-01,13.332247734069824,13.470399365349985,13.171194590361214,13.434056816831285,296948000
2020-12-02,13.486078262329102,13.614521552293276,13.177166196219103,13.29291480796753,283360000
2020-12-03,13.34216022491455,13.605099125266102,13.275430066021904,13.532890281081619,199520000
2020-12-04,13.503758430480957,13.505501389453034,13.334939318795286,13.394448782293157,202244000
2020-12-07,13.552062034606934,13.676061924602873,13.445741541863303,13.546584299478042,223244000
2020-12-08,13.296342849731445,13.544092785226203,13.228117654427487,13.530397974485371,271920000
2020-12-09,12.878778457641602,13.360085838709526,12.816529658441905,13.247042376503204,401300000
2020-12-10,12.92011547088623,13.016228039653045,12.797858512910155,12.817280873329809,207764000
2020-12-11,12.96094799041748,12.96767096745661,12.77146224084269,12.915132393146711,209264000
2020-12-14,13.255261421203613,13.334939820019592,13.024941019943634,13.035398774169177,270156000
2020-12-15,13.306802749633789,13.40988618458932,13.133751149437082,13.385733618093893,193016000
2020-12-16,13.189276695251465,13.383243798398896,13.159396585899268,13.368552602157862,223116000
2020-12-17,13.28763198852539,13.325728231536273,13.12553583695301,13.313028850638311,231384000
2020-12-18,13.218659400939941,13.351124288994596,13.017969301504321,13.325228761653179,342064000
2020-12-21,13.278666496276855,13.316265019825284,12.915382540524025,13.02220170883082,302332000
2020-12-22,13.224883079528809,13.283645967615037,13.001534523080034,13.265718661021117,185580000
2020-12-23,12.956964492797852,13.221646354324898,12.952731999410004,13.202722663623348,179144000
2020-12-24,12.941527366638184,13.079719802401335,12.88674905910573,12.984852485701106,97884000
2020-12-28,12.848154067993164,13.010001354735067,12.711954400513704,13.010001354735067,212564000
2020-12-29,12.891226768493652,13.019957796978527,12.790632885983495,12.873050607221257,170372000
2020-12-30,13.092914581298828,13.160641115784637,12.844915766079662,12.938039157346834,225396000
2020-12-31,13.002531051635742,13.0981449376047,12.863093382639896,13.083703548789822,192424000
2021-01-04,13.060798645019531,13.59763300186137,12.910405466366683,13.051586130794918,560640000
2021-01-05,13.350874900817871,13.389468856919152,13.03440199119971,13.047100420987022,322760000
2021-01-06,12.563804626464844,13.19177060016982,12.535419558001145,13.169360985651547,580424000
2021-01-07,13.290369987487793,13.323984877289753,12.834709185553201,12.915383021394952,461480000
2021-01-08,13.223390579223633,13.36706075733227,12.989584240660953,13.30879652893053,292528000
2021-01-11,13.566754341125488,13.904890294581081,13.30879545335435,13.364819001093393,518344000
2021-01-12,13.430553436279297,13.699219880759559,13.291365574551167,13.697227113464349,291476000
2021-01-13,13.47736644744873,13.570241954933193,13.33120672827616,13.435784283748028,210028000
2021-01-14,13.147195816040039,13.545090057040834,13.12752555150125,13.520439774298518,283120000
2021-01-15,12.807814598083496,13.271692381711922,12.796859128798951,13.174833267369788,277780000
2021-01-19,12.972902297973633,13.041375423637568,12.79238016702357,12.963937693664844,226188000
2021-01-20,13.312032699584961,13.376522184971396,13.004274570708622,13.059052877089373,258572000
2021-01-21,13.811765670776367,13.942986262976488,13.199735351672873,13.36456988189232,337780000
2021-01-22,13.657389640808105,13.786120714632485,13.572482355871044,13.684779271402295,246820000
2021-01-25,13.598373413085938,13.772919086251802,13.183298496484424,13.726356919524747,251112000
2021-01-26,13.381251335144043,13.589908674618952,13.333692780784402,13.525916915766077,163980000
2021-01-27,12.86583423614502,13.179567840926634,12.742332042000513,13.176828497975235,371272000
2021-01-28,12.998544692993164,13.286134786684336,12.908408554743174,12.944015254863068,228316000
2021-01-29,12.937543869018555,13.28115757374475,12.859608425570046,13.022451148945741,271552000
2021-02-01,13.18380069732666,13.217414637475345,12.850893606397493,13.00078904025559,217204000
2021-02-02,13.502264976501465,13.517452941241546,13.232104423210238,13.34489999474332,220440000
2021-02-03,13.476119041442871,13.87575623581958,13.462175370601546,13.581194289613904,245408000
2021-02-04,13.609330177307129,13.618542687589592,13.284142527002507,13.476615508351898,201340000
2021-02-05,13.53637409210205,13.682036999895496,13.491306023574886,13.669836288796368,169152000
2021-02-08,14.380718231201172,14.415577407685298,13.67207771550362,13.67207771550362,434624000
2021-02-09,14.205924987792969,14.524638573331769,14.165338264412211,14.283112900004856,287560000
2021-02-10,14.704911231994629,14.845095479349197,14.283860773020809,14.405121329535092,485352000
2021-02-11,15.189456939697266,15.21087111646074,14.865016726806148,14.920044844642259,450828000
2021-02-12,14.901122093200684,15.22979577043939,14.715619934956125,14.989515299216091,374756000
2021-02-16,15.268637657165527,15.310718485509026,14.889915901123095,15.003706913820904,321960000
2021-02-17,14.846092224121094,15.162316290720591,14.720598221294038,15.110026568801802,274756000
2021-02-18,14.769401550292969,14.813473242529565,14.51642173524086,14.669803078245188,233868000
2021-02-19,14.866509437561035,15.116002383057575,14.7870798988498,14.964115141640802,271724000
2021-02-22,14.298052787780762,15.072428084036344,14.267426101767738,14.715368455188019,325884000
2021-02-23,14.085163116455078,14.181524533940966,13.335686902429352,14.018680862200867,391780000
2021-02-24,14.440725326538086,14.448444686911866,13.700711556102595,14.065988231567488,448320000
2021-02-25,13.254018783569336,14.316979896128057,13.163136037299058,13.989052774482024,824436000
2021-02-26,13.659381866455078,13.798818598724198,13.307302217792548,13.697228301041338,500932000
2021-03-01,13.786118507385254,13.869033961341506,13.498778190317397,13.819234727310848,353184000
2021-03-02,13.35236930847168,13.864552302839884,13.34216041278066,13.844134511457842,264116000
2021-03-03,12.753287315368652,13.39743748342225,12.747310913046222,13.37228948153276,377592000
2021-03-04,12.320533752441406,12.922853894741422,12.035185217858675,12.749303604657026,573344000
2021-03-05,12.411416053771973,12.499560385516855,11.632309598213094,12.499560385516855,542840000
2021-03-08,11.54665470123291,12.421125153517597,11.52001165248514,12.399960789446373,543112000
2021-03-09,12.474234580993652,12.570379359155847,12.014928455750928,12.085667607908785,521824000
2021-03-10,12.422426223754883,12.932294680154964,12.411715915223251,12.793307713265953,384376000
2021-03-11,12.945745468139648,12.998302184299803,12.687697531280483,12.902405394482225,299916000
2021-03-12,12.808752059936523,12.84138182759341,12.543729858351645,12.601765255652683,243964000
2021-03-15,13.142767906188965,13.158211007285875,12.720326450748013,12.817467955931283,221988000
2021-03-16,13.242400169372559,13.462836579062207,13.068541055091844,13.307409797577044,272128000
2021-03-17,13.292218208312988,13.40380609566732,12.941760599252106,12.99182597197509,243864000
2021-03-18,12.67574405670166,13.135548189530105,12.670264429091151,13.088223096345338,293896000
2021-03-19,12.798539161682129,12.874011114982835,12.56614673642358,12.703141206459366,299208000
2021-03-22,13.137784957885742,13.345269600925587,12.859312225279986,12.865290689757089,297804000
2021-03-23,13.022710800170898,13.295454030041492,12.973392265762131,13.20553571417136,222048000
2021-03-24,12.596532821655273,13.110886055698332,12.59030636238717,13.102915085638799,245840000
2021-03-25,12.489180564880371,12.66802144997611,12.226898653291949,12.453562514626949,295144000
2021-03-26,12.792062759399414,12.809000478579916,12.328024743744802,12.508359288718777,363968000
2021-03-29,12.900662422180176,13.014492713127513,12.653324782729335,12.773132589205469,273520000
2021-03-30,12.824440956115723,12.927560916338413,12.658303875869729,12.79480042870209,200204000
2021-03-31,13.29919147491455,13.420991773399177,12.934785406687192,12.9676641139645,314776000
2021-04-01,13.760990142822266,13.81902554077951,13.46159365916124,13.522370295892967,308276000
2021-04-05,13.936092376708984,13.962494731258166,13.682527344785477,13.816533522907958,255672000
2021-04-06,13.810554504394531,14.0025960659606,13.722878585220865,13.948296742716591,191744000
2021-04-07,14.091520309448242,14.191152220575374,13.661107830911533,13.829735341708554,251284000
2021-04-08,14.264379501342773,14.418311657652836,14.19662863887845,14.20036565422222,244416000
2021-04-09,14.347076416015625,14.355047386702058,14.122903911178433,14.161760136622581,195172000
2021-04-12,15.153101921081543,15.296074841669363,14.087283745856782,14.237230908904042,869324000
2021-04-13,15.621874809265137,15.642299650725404,15.070159896301643,15.175521330754785,676212000
2021-04-14,15.220849990844727,15.66271947850448,15.17153146383329,15.567570495238932,385500000
2021-04-15,16.077939987182617,16.154656646631395,15.574048168931979,15.604934368238913,598480000
2021-04-16,15.854016304016113,16.10633564214932,15.806939219576352,15.993999034973276,335208000
2021-04-19,15.305291175842285,15.749403162911921,15.177014518006649,15.479399250455955,404420000
2021-04-20,15.115489959716797,15.440042098301998,14.90800531574817,15.266930774723033,334132000
2021-04-21,15.304046630859375,15.306039135930256,15.046745528966595,15.063184408428354,216776000
2021-04-22,14.795670509338379,15.381758649575245,14.729165313862191,15.318491630862203,277788000
2021-04-23,15.209146499633789,15.278639983279946,14.845488196208844,14.879362682597167,227500000
2021-04-26,15.421114921569824,15.422111649240268,15.069412579308297,15.129192485300738,197796000
2021-04-27,15.325215339660645,15.612903751038674,15.298065206668875,15.521241884321276,164572000
2021-04-28,15.220602989196777,15.475164740857569,15.15957836730446,15.308030914991681,209416000
2021-04-29,15.268424987792969,15.379763909461866,15.01610566738283,15.343398085253963,173196000
2021-04-30,14.95433521270752,15.308528865809581,14.941881343927635,15.118729701211409,201912000
2021-05-03,14.782218933105469,15.190711864139518,14.733150296570749,15.069409466583876,203912000
2021-05-04,14.298504829406738,14.583702894438511,13.958758495262643,14.583453950082967,405324000
2021-05-05,14.405362129211426,14.759057929745664,14.334622969104577,14.654941219688737,292024000
2021-05-06,14.469621658325195,14.517694517007266,14.165743307149034,14.441973635991896,193380000
2021-05-07,14.757808685302734,14.915725847718134,14.617825015407917,14.753823675891304,229328000
2021-05-10,14.21331787109375,14.751582071904844,14.197625826750052,14.732900795256858,268904000
2021-05-11,14.253671646118164,14.30199346093652,13.69946634233684,13.774190514170254,285584000
2021-05-12,13.70793342590332,14.20783933441675,13.658864784297744,13.958010377250185,303408000
2021-05-13,13.61502456665039,14.028998076504566,13.409532427846457,13.982169938542986,285404000
2021-05-14,14.190650939941406,14.275338566750431,13.697968278398676,13.838948676923984,258616000
2021-05-17,14.113436698913574,14.11717276437191,13.802584080647618,14.104967840462367,216980000
2021-05-18,13.96423625946045,14.351308574282077,13.952529225125941,14.214563077949034,186256000
2021-05-19,14.014056205749512,14.027755748279727,13.493476440109527,13.51664062011675,344000000
2021-05-20,14.558796882629395,14.629784989317054,14.218053780494753,14.249935764831699,321592000
2021-05-21,14.936649322509766,15.16605342254954,14.814849033504863,15.108017088006374,672992000
2021-05-24,15.5546236038208,15.687134227606302,15.120225159949756,15.156590993193284,554816000
2021-05-25,15.590239524841309,15.760361630715945,15.42559704511767,15.708054812680162,435408000
2021-05-26,15.642297744750977,15.735703186240535,15.528966303165006,15.676422124487875,370440000
2021-05-27,15.431076049804688,15.692113190945143,15.403179081309112,15.642047824221699,581476000
2021-05-28,16.18479347229004,16.21767312523201,15.444027357726569,15.444027357726569,644536000
2021-06-01,16.204723358154297,16.328019228538366,15.844801122756069,16.210203934751263,472804000
2021-06-02,16.716581344604492,16.856565955945943,16.17582681316416,16.192515583059503,594168000
2021-06-03,16.907379150390625,17.19556736897667,16.522051333849653,16.639368724927916,580008000
2021-06-04,17.513641357421875,17.5960856255782,17.032665784160628,17.049601597313153,617120000
2021-06-07,17.554244995117188,17.747034348298172,17.12956302093456,17.5066719180592,575756000
2021-06-08,17.392845153808594,17.556739891406973,17.187600939772125,17.462836539749645,323848000
2021-06-09,17.298412322998047,17.51441623745511,17.196266649300334,17.455370605646817,381656000
2021-06-10,17.364933013916016,17.431703394406398,17.11679270243008,17.290192689067965,287772000
2021-06-11,17.763809204101562,17.877416579612827,17.38362394384522,17.419250155413216,416308000
2021-06-14,17.956640243530273,17.97731876578179,17.601868346834245,17.84427977971432,321376000
2021-06-15,17.727184295654297,17.954150035131732,17.666893640244776,17.85324933990934,243032000
2021-06-16,17.748859405517578,17.892862060192925,17.523887570749032,17.7294277906978,307124000
2021-06-17,18.592937469482422,18.770074396069546,17.69504416542192,17.713230770641097,809656000
2021-06-18,18.574501037597656,19.30821305776164,18.51993932359038,18.71925067030263,968856000
2021-06-21,18.36372947692871,18.47260390090823,17.761313426706515,18.37170132235496,672384000
2021-06-22,18.821643829345703,18.898379965112767,18.322620399758176,18.407826383212395,580144000
2021-06-23,18.991559982299805,19.086731742850937,18.842575405432253,18.942231092149555,332356000
2021-06-24,19.139299392700195,19.35306044926967,19.022453105749324,19.161473823483938,320924000
2021-06-25,18.96540069580078,19.278817427102744,18.829371801358914,19.21404094846536,278364000
2021-06-28,19.916112899780273,20.009539746281707,19.25240821728546,19.294512263445398,495436000
2021-06-29,19.957719802856445,20.029470225090638,19.589243331185592,19.81396615542745,367632000
2021-06-30,19.933551788330078,20.093000115257194,19.795279984425818,19.93031286945108,326568000
2021-07-01,20.1423282623291,20.385486666849392,19.949992750888118,20.055628261505312,480136000
2021-07-02,20.416379928588867,20.434568434216665,20.217817481948444,20.369791959842154,342764000
2021-07-06,20.627153396606445,20.77015813867355,20.280104352666278,20.666018525350328,446708000
2021-07-07,20.301528930664062,20.8030443612869,20.261916799534852,20.78161883623467,418428000
2021-07-08,19.83414649963379,20.063602249461436,19.632843115344528,19.788056528694977,503300000
2021-07-09,19.98113441467285,20.011031686742374,19.686155219860904,19.893687412394865,296624000
2021-07-12,20.441791534423828,20.46197014862544,20.118160092279034,20.170229888571328,321984000
2021-07-13,20.180198669433594,20.390720799183015,20.044667777946696,20.330179245184596,290708000
2021-07-14,19.77310562133789,20.34736936190273,19.684662607285635,20.287576714298133,380100000
2021-07-15,18.900875091552734,19.778589906396334,18.793496553631783,19.743461697812513,550564000
2021-07-16,18.098398208618164,19.09096527868611,18.01070219908961,18.96490214619044,688224000
2021-07-19,18.71501350402832,18.976358475530738,17.803913772147467,17.85349355189545,749060000
2021-07-20,18.54784393310547,18.773064743639477,18.101388235116307,18.665437217414535,434687000
2021-07-21,19.34309959411621,19.45969690921613,18.677402712965378,18.816919568110862,371017000
2021-07-22,19.526456832885742,19.818446094421418,19.209552228936452,19.57429170526757,323826000
2021-07-23,19.490583419799805,19.632094138275786,19.18364454445937,19.5882451844346,195672000
2021-07-26,19.227495193481445,19.374983858977348,18.848803969588506,19.244436793032506,203943000
2021-07-27,19.141788482666016,19.554360946532352,18.676397315586588,19.198591207828677,248863000
2021-07-28,19.435771942138672,19.578278660578594,18.929523634403203,19.252406188851747,202191000
2021-07-29,19.594226837158203,19.78456845561129,19.261376580692936,19.451718199146022,190781000
2021-07-30,19.431787490844727,19.562334550057216,19.19660092206327,19.351065420539463,183497000
2021-08-02,19.681922912597656,19.892196048997913,19.29426383352367,19.632096019964017,217444000
2021-08-03,19.7466983795166,20.152295043077654,19.153748123448008,19.67195614363054,301811000
2021-08-04,20.20411491394043,20.24796386771161,19.75965124376936,19.921093477440312,231309000
2021-08-05,20.565868377685547,20.661538157940313,20.27188509541774,20.429341450355835,211435000
2021-08-06,20.295799255371094,20.499096555119213,20.140336838007727,20.453255584823058,178497000
2021-08-09,20.22504234313965,20.43730746916473,20.07356586786639,20.37552091210464,146443000
2021-08-10,19.867279052734375,20.3595756588384,19.76662547826804,20.251948145392625,179238000
2021-08-11,19.63109588623047,19.979889797414497,19.363024040976125,19.97390996272921,185925000
2021-08-12,19.836389541625977,19.959960768948545,19.552372068752263,19.80151033623967,151652000
2021-08-13,20.118410110473633,20.14432145963521,19.782571882288952,19.836386591609863,183063000
2021-08-16,19.881235122680664,20.217073411230743,19.38594658927901,20.065596914124974,210876000
2021-08-17,19.390926361083984,19.701851137196797,19.200584773858555,19.617143152947893,204585000
2021-08-18,18.9743709564209,19.566323330393175,18.934507922108054,19.432784446374054,285913000
2021-08-19,19.729755401611328,20.424353301221036,18.697325356525393,19.426802456904166,766555000
2021-08-20,20.744247436523438,20.79307832111632,19.86429170671667,19.922090443139417,675741000
2021-08-23,21.882307052612305,21.921172171699094,20.877782385657483,20.898709903686807,575807000
2021-08-24,21.717878341674805,21.88330650113912,21.460768250925426,21.678017210916853,297299000
2021-08-25,22.136432647705078,22.392546755792843,21.647125866786784,21.66207355456047,347701000
2021-08-26,21.991933822631836,22.262995617571487,21.71489219229339,22.12347879676051,237940000
2021-08-27,22.557973861694336,22.643677862471055,22.090590631749375,22.107532230785125,304722000
2021-08-30,22.60979652404785,22.963572419378465,22.473269615708634,22.751307262334937,262580000
2021-08-31,22.31177520751953,22.620760614168464,22.047642674505877,22.620760614168464,259850000
2021-09-01,22.36758804321289,22.622751099548815,22.28386320003959,22.411444728207552,201767000
2021-09-02,22.322736740112305,22.51909280352411,22.222067304803737,22.444337387679806,187834000
2021-09-03,22.768272399902344,22.9108042435258,22.12737624359529,22.25196732176619,280532000
2021-09-07,22.587865829467773,22.82409003815894,22.448322522567985,22.758305960984877,198107000
2021-09-08,22.26592254638672,22.53603592576677,21.905105352001236,22.439353122725205,254434000
2021-09-09,22.10445213317871,22.464271249955324,22.05860308506016,22.239010734032167,196856000
2021-09-10,22.404470443725586,22.55198511877038,22.197150672313043,22.2748946360381,248376000
2021-09-13,22.079538345336914,22.888882461215875,21.786499434109167,22.609797693327096,297500000
2021-09-14,22.169240951538086,22.336690647857136,22.013751133052175,22.202132041411108,199755000
2021-09-15,22.26791763305664,22.29383355511717,21.894144334606132,22.236022722228473,166538000
2021-09-16,22.169240951538086,22.204126304937887,21.855270869830687,22.11043394136282,156033000
2021-09-17,21.828359603881836,22.247981943060058,21.758588894411496,22.227050730218956,294503000
2021-09-20,21.04393768310547,21.36289062011508,20.594412745883098,21.07682877794372,349440000
2021-09-21,21.17650032043457,21.35491372577289,20.88146906785273,21.3469404733302,204688000
2021-09-22,21.869226455688477,21.888163405452396,21.12666266761119,21.296106638649068,268726000
2021-09-23,22.40845489501953,22.461281014018834,21.818390548782627,22.067572722802016,248555000
2021-09-24,22.00876808166504,22.076546431149566,21.789488429342764,21.997804384215325,217655000
2021-09-27,21.589143753051758,21.72768898320493,21.25524054701434,21.638979428215535,245215000
2021-09-28,20.631288528442383,21.34893447038271,20.58344521216512,21.14460514549343,343069000
2021-09-29,20.449880599975586,20.948244893055964,20.400043030002205,20.871497126516754,218394000
2021-09-30,20.64823341369629,20.997088873720934,20.620325128983062,20.70006335689361,221009000
2021-10-01,20.67414665222168,20.790762583446227,20.136908439010178,20.682119903644967,240978000
2021-10-04,19.667451858520508,20.47480160606298,19.49103082581489,20.43692580745961,345635000
2021-10-05,20.384098052978516,20.58045410102996,19.789050920867343,19.884737541485297,279282000
2021-10-06,20.632287979125977,20.652221111305703,20.014315254928512,20.054185321506793,297202000
2021-10-07,21.006057739257812,21.25224946522736,20.903394046211478,21.023000423462637,256919000
2021-10-08,20.762855529785156,21.136628803152057,20.707038964304342,21.031972742875528,151258000
2021-10-11,20.627304077148438,20.994100339135553,20.44390594615488,20.507697674953654,163388000
2021-10-12,20.60338020324707,20.988117194123532,20.460848337072985,20.759866211548562,162134000
2021-10-13,20.870502471923828,20.921336231312484,20.645241941754325,20.849571259430128,180652000
2021-10-14,21.674861907958984,21.68383134051635,21.052902671473788,21.218359995410317,243589000
2021-10-15,21.790483474731445,21.85925800191469,21.59113886513245,21.738653534036047,226994000
2021-10-18,22.149309158325195,22.218083693968943,21.573198850194263,21.677856826800955,189494000
2021-10-19,22.217086791992188,22.30579445739423,21.964914136514288,22.20313074793577,161473000
2021-10-20,22.030696868896484,22.359617290338466,21.910092397516213,22.23203574791411,146276000
2021-10-21,22.61777114868164,22.636710001159347,22.010764006896952,22.02471815036075,187590000
2021-10-22,22.651653289794922,23.054330962445018,22.487194064501068,22.748336082650347,249384000
2021-10-25,23.090221405029297,23.278602340486742,22.695516863119877,22.897851941944545,230235000
2021-10-26,24.636140823364258,25.176369464220407,23.845735742786594,23.910523636621996,485898000
2021-10-27,24.371015548706055,25.007925176618038,24.202567761764556,24.393941025402942,245990000
2021-10-28,24.85940933227539,24.86838066580957,24.4427774851292,24.796615700863228,234204000
2021-10-29,25.483366012573242,25.624901707362692,24.91822131585797,24.91921749719109,292503000
2021-11-01,25.74251365661621,25.809293921603484,25.144476013269458,25.565096437115333,265740000
2021-11-02,26.314634323120117,26.590728607704555,25.71560052254652,25.737529816984793,294112000
2021-11-03,26.5109920501709,26.696384427226477,26.14918053197211,26.582757025267508,239910000
2021-11-04,29.703516006469727,31.26239905171974,27.02929203332066,27.139928992611882,1153631000
2021-11-05,29.654672622680664,31.29728030818793,29.313790454475946,30.088249068059874,851260000
2021-11-08,30.70323371887207,30.998264961741995,29.809166754618374,30.05037569360793,503101000
2021-11-09,30.55671501159668,32.20430952982085,29.865983049867186,32.176401244543264,646746000
2021-11-10,29.362632751464844,30.74908322904024,28.68386069593988,29.259970949508748,636206000
2021-11-11,30.290586471557617,30.489932984419298,29.679592774599925,30.368332333995184,332172000
2021-11-12,30.290586471557617,30.579638725096128,29.53307238423617,29.911830378451516,413054000
2021-11-15,29.926780700683594,30.543755287298133,29.15132584547051,30.45205718413863,384909000
2021-11-16,30.104196548461914,30.290585092245067,29.608822634811435,29.661650656013027,264484000
2021-11-17,29.165281295776367,30.409199941675634,28.705788874793846,30.31849611458015,428508000
2021-11-18,31.57138442993164,32.65283428082638,31.218542338444994,32.261122107751916,781711000
2021-11-19,32.877098083496094,32.97976178244582,31.800631120790957,32.137524780788404,533867000
2021-11-22,31.851465225219727,34.533662437419686,31.795648655207987,33.40735781762492,754335000
2021-11-23,31.64215087890625,32.25414264484403,30.77898266433961,31.431840673643133,532163000
2021-11-24,32.567115783691406,32.74752344863697,30.82682705345173,31.358084433513884,435162000
2021-11-26,31.399948120117188,32.602998628839266,31.247448733080454,32.49335785082512,283069000
2021-11-29,33.266822814941406,33.30270435529742,31.93120595307024,32.26012831114146,454964000
2021-11-30,32.56909942626953,33.24388657306229,31.75975750495304,33.06048661123423,622066000
2021-12-01,31.336008071899414,33.184171666297914,31.2811809672,33.11439240625947,484368000
2021-12-02,32.02482223510742,32.37571483720508,30.92728987787385,31.11569572363088,472890000
2021-12-03,30.596343994140625,32.027822639120906,30.035115336865402,31.899227266863253,544325000
2021-12-06,29.942413330078125,30.14576949876079,27.94970768746351,29.78590623666465,658938000
2021-12-07,32.32488250732422,32.346816391112846,30.554476224251633,30.859514259780514,593053000
2021-12-08,31.72577667236328,32.188316185516875,31.322051376993954,31.898232211155804,475551000
2021-12-09,30.393980026245117,32.103581165831095,30.33217500414839,31.634061878266106,488507000
2021-12-10,30.102901458740234,31.206415682530494,29.766962833942674,31.051903118678588,488825000
2021-12-13,28.072309494018555,30.198593181017998,28.027451140250424,30.153734827249867,598344000
2021-12-14,28.247764587402344,28.58769035773507,27.164187737169147,27.611773209784822,667035000
2021-12-15,30.363075256347656,30.403946500307338,27.75032926972712,28.31055963968994,698297000
2021-12-16,28.297605514526367,31.06187376372511,28.004532628837605,31.053899534566042,707366000
2021-12-17,27.713449478149414,28.830919505652275,27.67257823059536,27.896870039197612,713758000
2021-12-20,27.631702423095703,28.055363179496755,27.05951075579136,27.219006704178227,461847000
2021-12-21,28.983440399169922,29.028298765292003,27.314710320233896,28.284647712043096,524385000
2021-12-22,29.30741310119629,29.46192565947625,28.359407778692482,28.800017170257917,395184000
2021-12-23,29.546659469604492,29.964340611891693,29.338318000778614,29.66129709262339,343022000
2021-12-27,30.847551345825195,30.98910437388651,29.54666059393546,29.56659806861277,403686000
2021-12-28,30.226505279541016,31.231330135732982,29.917480215533388,31.213387174254855,420591000
2021-12-29,29.906524658203125,30.45180300742928,29.273524079864508,30.17766937777833,343139000
2021-12-30,29.492830276489258,30.361087673132488,29.446975608009016,29.733070560375477,308864000
2021-12-31,29.318378448486328,29.935430483532848,29.23863045980728,29.58055069803875,266530000
2022-01-03,30.026138305664062,30.61428033320148,29.69119605074854,29.721102254321217,391547000
2022-01-04,29.197757720947266,30.372047335762616,28.259721233713027,30.18164886854297,527154000
2022-01-05,27.517070770263672,29.323364772152377,27.446295212189224,28.857834470045624,498064000
2022-01-06,28.089263916015625,28.348445375941616,26.97976990821359,27.55295802996534,454186000
2022-01-07,27.16119384765625,28.332494693927416,26.971791660779605,28.052379478532124,409939000
2022-01-10,27.313711166381836,27.382494114013422,25.5632406683439,26.497290128969677,594681000
2022-01-11,27.729400634765625,27.976620750573424,26.754481727173197,27.2369568124406,404089000
2022-01-12,27.910823822021484,28.504945618330236,27.52105444566208,27.978608560513216,383413000
2022-01-13,26.491313934326172,28.390313718259936,26.414554846853214,28.289631942753868,540171000
2022-01-14,26.85715103149414,27.1113490250758,26.127455968299266,26.217172683523167,395832000
2022-01-18,25.821428298950195,26.554114306336086,25.68884770952801,26.177304414004546,424270000
2022-01-19,24.988059997558594,26.45941170270569,24.973107843056518,25.996874104337753,488315000
2022-01-20,24.073944091796875,25.49844459786639,24.00217033924269,25.224311034871068,435181000
2022-01-21,23.300386428833008,24.74482235233926,23.189735951595004,23.432966980379607,718958000
2022-01-24,23.29839324951172,23.306367476743638,20.82221696787781,22.25967504955575,913982000
2022-01-25,22.253698348999023,22.870750425042836,21.93071925859125,22.474999365021613,664616000
2022-01-26,22.700284957885742,23.98123803745793,22.229771275614063,23.166811526105583,755959000
2022-01-27,21.874895095825195,23.919436763705882,21.606741215717612,23.493781409014357,573353000
2022-01-28,22.76807403564453,22.786017001467613,21.228935667863265,21.942680495703392,543774000
2022-01-31,24.40888786315918,24.431816145631064,22.979403852664547,23.108993615367613,564680000
2022-02-01,24.56041145324707,25.065814798100266,23.814765930647102,25.02494354865154,518925000
2022-02-02,25.162506103515625,25.73569411876658,24.475674886992383,25.71276773896164,543419000
2022-02-03,23.87257957458496,24.99802368140635,23.70510939371821,24.380973639655554,410178000
2022-02-04,24.242414474487305,24.55741930721573,23.557577711661764,23.89650713053911,354829000
2022-02-07,24.650129318237305,25.102698190128145,24.125784779344208,24.29524950581425,376868000
2022-02-08,25.028926849365234,25.15054237458659,23.9044790159407,24.282285137278183,410359000
2022-02-09,26.62090301513672,26.64084048931407,25.27316132302811,25.541313315747384,524282000
2022-02-10,25.74267578125,26.84020840080806,25.519382164128384,25.913138706568642,513200000
2022-02-11,23.873579025268555,26.069642339244744,23.698134593993387,25.834385491481136,605472000
2022-02-14,24.190580368041992,24.796665501968615,23.68019168599295,23.85862884432096,440424000
2022-02-15,26.411561965942383,26.461403743864466,24.705949858768733,24.870429246985168,699869000
2022-02-16,26.42751121520996,26.498288671486034,25.47153166394175,26.176305909012655,732676000
2022-02-17,24.42982292175293,25.703798143147747,24.088900885684307,25.549285582156386,810595000
2022-02-18,23.567548751831055,24.907316200447443,23.02725575627355,24.590316828988254,761255000
2022-02-22,23.316341400146484,23.988218678165815,22.92757016662024,22.9624597952012,633422000
2022-02-23,22.316499710083008,24.078933611616357,22.230771994916,23.727044613283795,566511000
2022-02-24,23.6732120513916,23.72504833875335,20.82421265561137,20.94881900592277,735801000
2022-02-25,24.080928802490234,24.14073932913622,23.307373366996057,23.64630285356059,528866000
2022-02-28,24.308208465576172,24.587327391046674,23.632344083996866,23.91644642718018,477319000
2022-03-01,23.40306282043457,24.300229958145785,23.0591500185398,24.214500358111323,412056000
2022-03-02,24.14784049987793,24.336278491001387,23.34524043941183,23.685224100178537,389642000
2022-03-03,23.64335060119629,24.2535268091343,23.399079682408747,24.18971640143085,365095000
2022-03-04,22.86766815185547,23.609451053409828,22.4150202714538,23.31433339065873,431415000
2022-03-07,21.288381576538086,22.96437474060364,21.266447763904743,22.749016800661877,450821000
2022-03-08,21.449899673461914,22.306339565350985,20.58847361397796,21.24551054038405,557467000
2022-03-09,22.945432662963867,23.150818288505107,22.18071764381372,22.320299923146024,492742000
2022-03-10,22.590490341186523,22.720102163193836,21.816801496900087,22.46386793749568,428066000
2022-03-11,22.034156799316406,23.076043457185644,21.980316832138143,22.953408821575593,367209000
2022-03-14,21.266454696655273,22.195677339606927,21.095964602580043,21.803848494685607,385354000
2022-03-15,22.904552459716797,22.969359327340563,21.25847247473295,21.45388764879963,491996000
2022-03-16,24.423017501831055,24.523716417538445,23.102962788581674,23.429984670978083,671422000
2022-03-17,24.692216873168945,24.76798876220505,23.834778411537343,24.048141553865687,471941000
2022-03-18,26.374183654785156,26.489839164055603,24.55063450386545,24.725112338972878,730719000
2022-03-21,26.65435218811035,27.071108036211722,25.889637069261166,26.42802919116261,591727000
2022-03-22,26.444974899291992,27.156848316591432,25.994321917033023,26.647369201302396,547007000
2022-03-23,25.557628631591797,26.532713584181124,25.49880439684632,26.04816147769014,502120000
2022-03-24,28.066133499145508,28.23562710130492,25.82981594503605,26.088045093021876,877379000
2022-03-25,27.6094913482666,28.273507371801568,27.189746185956608,27.8029135702572,579016000
2022-03-28,28.13492774963379,28.165835529081235,27.124945266667112,27.67330780734801,425494000
2022-03-29,28.570627212524414,28.859762245849687,27.896640581268052,28.609510581218807,488984000
2022-03-30,27.607501983642578,28.41110037401944,27.42105885059828,28.219672974520872,463487000
2022-03-31,27.204702377319336,28.1638360522598,27.188751204527012,27.69922486553173,523440000
2022-04-01,26.632415771484375,27.414080364707395,26.188741881916698,27.293440575757664,517235000
2022-04-04,27.27849006652832,27.475900141965926,26.533715777453093,26.64837294280831,397120000
2022-04-05,25.853742599487305,27.237607768198263,25.743073244909805,27.17280089255996,436615000
2022-04-06,24.334287643432617,25.22462691873164,23.931491886634323,24.859718060988605,703833000
2022-04-07,24.135879516601562,24.648348142863963,23.40805479480209,24.36818516337684,557992000
2022-04-08,23.050119400024414,23.851724837527705,22.99329001527572,23.845742196501757,524781000
2022-04-11,21.851699829101562,22.253499000395795,21.595465570939584,22.147815823189774,575207000
2022-04-12,21.439931869506836,22.65729475827579,21.218593162457935,22.46985514903304,662258000
2022-04-13,22.13684844970703,22.432964462991524,21.39107781519928,21.663265165709976,516943000
2022-04-14,21.194664001464844,22.70913934444599,21.09994772609378,22.437948470033938,569097000
2022-04-18,21.718095779418945,22.02218539650093,21.01619296356133,21.136832718031517,525701000
2022-04-19,22.131860733032227,22.306338557655973,21.250493846316246,21.655284301108995,512781000
2022-04-20,21.417999267578125,22.602459598625735,21.136839837783892,22.44991555152109,468974000
2022-04-21,20.12286949157715,22.325287868143974,19.940414139309308,21.6443221623934,656209000
2022-04-22,19.456859588623047,20.42496741924135,19.441904885705686,20.242512056651538,624713000
2022-04-25,19.84270477294922,19.8855759292998,19.039106397949094,19.14478957941765,641566000
2022-04-26,18.732025146484375,19.72904585331805,18.614376672651343,19.659254708106264,653143000
2022-04-27,18.360136032104492,19.10989445940128,18.235508451875706,18.542589470786602,499460000
2022-04-28,19.72306251525879,19.977303851455268,18.43491199008361,18.910490135420694,570327000
2022-04-29,18.491741180419922,20.068030059623467,18.461829879065967,19.344193301516768,500435000
2022-05-02,19.47480583190918,19.515682143130196,18.336208020718836,18.48576074197281,572049000
2022-05-03,19.543598175048828,19.7659352569291,19.07599562451621,19.342200337321106,475751000
2022-05-04,20.273420333862305,20.339223690643312,18.695136244226077,19.86364548989257,648855000
2022-05-05,18.787857055664062,19.86563575823811,18.444882087815973,19.807809899114023,626331000
2022-05-06,18.619356155395508,19.453862166104038,17.93639767916028,18.68017522440526,633297000
2022-05-09,16.899499893188477,18.200610175903677,16.776865264300895,17.980269856071814,644455000
2022-05-10,17.542583465576172,18.14378775571866,16.97428181101359,17.636303300813978,761474000
2022-05-11,16.580453872680664,17.70010924577166,16.518640215360524,17.29531869321598,670167000
2022-05-12,16.126808166503906,16.73798268883239,15.520620763164581,16.170677698614824,708728000
2022-05-13,17.653247833251953,17.874586549641382,16.543564832253985,16.73798356385744,670437000
2022-05-16,17.212566375732422,17.73500542241008,17.055038053763205,17.456837299175664,521446000
2022-05-17,18.122846603393555,18.316268876415904,17.581465054882198,18.020152825002086,585830000
2022-05-18,16.887535095214844,18.064019738570103,16.813756162184983,17.652250113395763,545161000
2022-05-19,17.072980880737305,17.634303190844598,16.684141563200637,16.88653775929863,621310000
2022-05-20,16.64426040649414,17.358126686206212,15.708058031276178,17.28035996987774,739105000
2022-05-23,16.847658157348633,16.86460770868563,16.130800340603695,16.225516631801014,639889000
2022-05-24,16.10587501525879,16.547556066863233,15.732989600282986,16.46081535470086,588550000
2022-05-25,16.924423217773438,17.06001768509136,15.952327858559343,15.972268724782303,781132000
2022-05-26,17.797815322875977,18.03809652185166,15.974264096032462,15.9882223241749,996575000
2022-05-27,18.754953384399414,18.82474451489988,18.046071370079833,18.131815573979985,738379000
2022-05-31,18.616371154785156,19.142797955948794,18.29532999144944,18.923452187686582,664100000
2022-06-01,18.265417098999023,18.99623300147652,18.06800706571725,18.668214653926945,544514000
2022-06-02,19.53363037109375,19.56055035839236,18.14378428765927,18.23750410498318,648656000
2022-06-03,18.66422462463379,19.274402636121195,18.466814594887644,19.025147490431646,598779000
2022-06-06,18.730026245117188,19.279385129007327,18.508687574396717,19.08197511741872,422406000
2022-06-07,18.869617462158203,18.94339641276168,18.133815197492115,18.41696951836632,388914000
2022-06-08,18.596370697021484,19.12689735772894,18.48368268854018,18.74695170077605,363252000
2022-06-09,17.998031616210938,18.880581583160353,17.991051027241866,18.429833350813585,395574000
2022-06-10,16.927001953125,17.64799962656787,16.82229123999066,17.551268086229637,465248000
2022-06-13,15.603680610656738,16.266839478389468,15.562793756532253,15.955702996068341,604153000
2022-06-14,15.792158126831055,16.021520910273885,15.369331242158152,15.687448327103725,469680000
2022-06-15,16.481245040893555,16.821300578805904,15.881908139766276,16.050439932166825,563936000
2022-06-16,15.557806968688965,15.897863432906357,15.358360878066698,15.816089727372347,545749000
2022-06-17,15.83603572845459,15.950717118320277,15.285563915858456,15.604677679322638,630334000
2022-06-21,16.520137786865234,16.960913567479754,16.361577575315028,16.42939011174875,483089000
2022-06-22,16.314706802368164,16.61587073985761,16.135204840649315,16.181077014713374,437135000
2022-06-23,16.180084228515625,16.539086336361255,15.80911335486878,16.473269061348233,463680000
2022-06-24,17.078588485717773,17.092549667784507,16.264847484272696,16.454322028084334,472153000
2022-06-27,16.822298049926758,17.282022223468143,16.579970759321082,17.264072406028497,427968000
2022-06-28,15.937753677368164,17.154375384027293,15.90085545872729,16.85321143493184,461149000
2022-06-29,15.498971939086914,15.776202177014092,15.128002076209375,15.770219221628231,482352000
2022-06-30,15.117030143737793,15.52390051921732,14.820852506876262,15.31847053785556,686070000
2022-07-01,14.48279094696045,15.021295848581772,14.35215407119524,14.857750345223227,577610000
2022-07-05,14.92257022857666,14.929550817854716,14.016087452919178,14.135755105271844,651397000
2022-07-06,15.088111877441406,15.27658874989287,14.748055399282007,14.968444218161782,529066000
2022-07-07,15.81409740447998,15.90085644107172,15.34639595387205,15.413210854402083,492903000
2022-07-08,15.794149398803711,15.992598782236247,15.346392193959362,15.387279041867904,467972000
2022-07-11,15.110053062438965,15.484014898410512,14.996368344756148,15.483017263609451,437321000
2022-07-12,15.040245056152344,15.388278822055844,14.835812677537918,15.225729983268637,458483000
2022-07-13,15.122017860412598,15.332434145906136,14.424953642931776,14.549607579077355,521918000
2022-07-14,15.329442024230957,15.430162236147307,14.687224899011335,15.06617297485196,456235000
2022-07-15,15.718362808227539,15.73830694346338,15.40224003829484,15.615648276832916,385935000
2022-07-18,16.056419372558594,16.85021493548919,15.957694457686417,16.2568630566496,670517000
2022-07-19,16.944955825805664,17.062629156569145,16.127226415976143,16.440356240924725,702366000
2022-07-20,17.757699966430664,17.88335248572077,16.754486493931914,16.900082197018165,760538000
2022-07-21,18.00002670288086,18.093766321144624,17.496425663382336,17.835484504614854,557049000
2022-07-22,17.271055221557617,17.917260145054595,17.08955795011608,17.843465596264313,536671000
2022-07-25,16.97686767578125,17.076591197104143,16.602905897371375,16.971880453577725,480748000
2022-07-26,16.48723030090332,16.87216136295546,16.432382260852247,16.842243731454445,397865000
2022-07-27,17.740747451782227,17.886343144331377,16.866174710818715,16.984844729606653,569776000
2022-07-28,17.934213638305664,18.089781916040348,17.391720887088947,17.925239679284864,474646000
2022-07-29,18.112712860107422,18.19348797443547,17.643016231379985,17.763681512135797,435460000
2022-08-01,18.38994598388672,18.793825424102035,17.94019436661478,18.131662250640616,476469000
2022-08-02,18.47471046447754,18.885570510659182,18.041911963650172,18.07182959440469,489527000
2022-08-03,18.8406925201416,18.915485636087563,18.08678506318179,18.133655821615758,418146000
2022-08-04,19.161800384521484,19.22063704890321,18.708060200093033,18.796814489472666,409652000
2022-08-05,18.936426162719727,19.17576145516048,18.614320486775554,18.757920901412877,386068000
2022-08-08,17.743738174438477,18.188504443935763,17.19426496293747,17.45354536402082,981859000
2022-08-09,17.038694381713867,17.398694940794755,16.677697139131496,17.20423514221183,668263000
2022-08-10,18.04689598083496,18.06783774802281,17.269054837998027,17.64900050219798,597422000
2022-08-11,17.892330169677734,18.65521369530522,17.8265128942713,18.080808036836622,509327000
2022-08-12,18.65719985961914,18.6661757172825,17.90329248620022,18.109720093847795,478094000
2022-08-15,18.979310989379883,19.110945527296405,18.561472236217575,18.64922796080583,457666000
2022-08-16,18.826732635498047,19.089004999072056,18.449778881107083,18.867619490970508,451240000
2022-08-17,18.284238815307617,18.636262177287165,18.094766197974923,18.47171996728055,446799000
2022-08-18,18.721025466918945,18.812769810722802,18.13265879882492,18.250332132443727,415447000
2022-08-19,17.799585342407227,18.468727183536906,17.72080358497965,18.355042477008766,441588000
2022-08-22,16.986841201782227,17.509390657788362,16.91902867077679,17.441578126782925,409593000
2022-08-23,17.133432388305664,17.41664650068236,16.923016122259966,16.941964523094743,369986000
2022-08-24,17.174318313598633,17.35780889595624,16.848223999149923,16.964898742460186,522661000
2022-08-25,17.863405227661133,17.897311489093674,16.786395448843106,16.797364674114142,770691000
2022-08-26,16.21498680114746,17.874379819726403,16.192049758099092,17.80756586241982,769127000
2022-08-29,15.75725269317627,16.29276564803654,15.723347381626995,15.97564717969457,496132000
2022-08-30,15.425174713134766,15.994592953755117,15.139966300020541,15.915812157547325,530181000
2022-08-31,15.052210807800293,15.496976116815032,14.91758433882462,15.341407879469896,573710000
2022-09-01,13.898414611816406,14.340187972290808,13.233261435486058,14.169660919691056,1178865000
2022-09-02,13.60921859741211,14.13176711995098,13.553372925822355,14.060964535551635,743157000
2022-09-06,13.42772102355957,13.740851814141763,13.314036323816168,13.692984371926862,535751000
2022-09-07,13.680095672607422,13.803789664823167,13.313005420498245,13.529468955559182,512657000
2022-09-08,13.955410957336426,13.973367055447751,13.335946977116002,13.4257236624068,624873000
2022-09-09,14.351431846618652,14.438216654464224,14.091077423081934,14.121999969055892,486612000
2022-09-12,14.46914005279541,14.511036035425132,14.162898875313989,14.333476599142045,484159000
2022-09-13,13.098535537719727,13.887580298232978,13.06661506291521,13.767877090741246,714956000
2022-09-14,13.095544815063477,13.25714401689083,12.881076192438005,13.22123276604588,588507000
2022-09-15,12.897035598754883,13.200283922132007,12.758379308646864,12.982823422794079,523625000
2022-09-16,13.165372848510742,13.179338177876392,12.58580882588614,12.710499810260421,670751000
2022-09-19,13.348917961120605,13.429718046056754,12.977837851259611,12.979832762404735,569685000
2022-09-20,13.143424987792969,13.44966616014184,13.024719705664902,13.182329079094677,524818000
2022-09-21,13.228216171264648,13.99631305335464,13.07758944681726,13.180335452104883,807679000
2022-09-22,12.529946327209473,13.116492959222398,12.39727571074283,13.037687792673827,759162000
2022-09-23,12.48505687713623,12.579822277960686,12.22669736982,12.38929449653901,663309000
2022-09-26,12.197768211364746,12.627703351069655,12.18380288466906,12.460118479404896,547343000
2022-09-27,12.382311820983887,12.70451323216134,12.227695289178223,12.47607929062904,553854000
2022-09-28,12.704513549804688,12.791298357950701,12.323457977799615,12.379319288548018,542414000
2022-09-29,12.189789772033691,12.469097284845578,11.916466992118151,12.417225794477423,532763000
2022-09-30,12.108987808227539,12.601766889967653,12.045145910694353,12.057116325939106,565638000
2022-10-03,12.48106861114502,12.646658600455845,12.075074233627726,12.316476553047927,547478000
2022-10-04,13.13444709777832,13.187316515119232,12.847159012438114,12.847159012438114,584182000
2022-10-05,13.17634391784668,13.288067492068219,12.589798244962582,12.879081259534201,507131000
2022-10-06,13.097538948059082,13.62223854641482,13.070605273695971,13.187316594180706,644157000
2022-10-07,12.046146392822266,12.638677792000106,11.992279988471251,12.474085736672928,672478000
2022-10-10,11.641149520874023,12.094026663340596,11.379797153136787,12.00724185114814,698699000
2022-10-11,11.557357788085938,11.816714298827332,11.255106408972765,11.532419021743818,667482000
2022-10-12,11.471569061279297,11.705987738753207,11.316952527256786,11.550374224944592,492590000
2022-10-13,11.930431365966797,12.048139665363264,10.786266778590695,10.943876148054613,850103000
2022-10-14,11.199244499206543,12.081058872016744,11.176301596444594,12.027192471424224,713432000
2022-10-17,11.85860824584961,11.918460323463654,11.488526149600807,11.489523129293081,580774000
2022-10-18,11.93741512298584,12.461116834509994,11.589277945577948,12.313482956867912,659362000
2022-10-19,12.021206855773926,12.319468398644798,11.804743321043421,11.84963214701234,523131000
2022-10-20,12.16385269165039,12.737430913529549,12.07507202855851,12.083052622860917,652398000
2022-10-21,12.4351806640625,12.467102092739703,11.85761257031653,12.068090417832614,609494000
2022-10-24,12.567852973937988,12.678578622776968,12.034175742763328,12.477078338119243,517457000
2022-10-25,13.228216171264648,13.267120266355917,12.632691937809854,12.662618457515958,505482000
2022-10-26,12.864118576049805,13.354901886783574,12.676583621317251,12.837185850244591,532953000
2022-10-27,13.143424987792969,13.803788998303101,13.089558589412318,13.59630304820485,583113000
2022-10-28,13.799798011779785,13.815759201014696,13.028709325811903,13.071603238162181,521040000
2022-10-31,13.463631629943848,13.803789144395994,13.264126272475048,13.74393706149706,486341000
2022-11-01,13.509517669677734,13.890573215216364,13.4855768377865,13.77685473939127,432817000
2022-11-02,13.186321258544922,14.174871588892046,13.178341613693798,13.81576188503939,672628000
2022-11-03,13.38782024383545,13.746930863679363,12.923970612064814,13.010755424842653,500065000
2022-11-04,14.121002197265625,14.193821673388257,13.663136398930058,13.95142241289194,612576000
2022-11-07,14.265645980834961,14.37637163738225,13.919504632950106,14.192826490611674,410061000
2022-11-08,14.565901756286621,14.85418686064914,14.180855378354366,14.76440920283428,595292000
2022-11-09,13.741942405700684,14.175867398651944,13.724984235954823,14.12698780032859,454414000
2022-11-10,15.711064338684082,15.734007244331483,14.511038213082168,14.763413029153785,700819000
2022-11-11,16.286632537841797,16.34847952206211,15.44372241385744,15.767918688568072,655487000
2022-11-14,16.254711151123047,16.499106232735553,15.882633238435714,16.177901866300843,527852000
2022-11-15,16.624797821044922,16.955975861509707,16.341499544736198,16.680659131421315,545876000
2022-11-16,15.870668411254883,16.321550677943026,15.833760176522755,16.122046243615287,649547000
2022-11-17,15.6382417678833,16.225786282199604,15.496592636887353,15.676147926956387,710894000
2022-11-18,15.370904922485352,15.962439267152297,15.082618903576678,15.926527067026893,492072000
2022-11-21,15.279133796691895,15.438738093483565,15.042719242364662,15.109553993521583,404739000
2022-11-22,15.998351097106934,16.018302109906227,15.084615259338909,15.290106315115047,472866000
2022-11-23,16.478160858154297,16.486142404800624,16.008326496462395,16.05820212549382,427241000
2022-11-25,16.22977638244629,16.44623895293213,16.13201909254946,16.277658047637875,167934000
2022-11-28,15.787872314453125,16.31656273871607,15.68612519322037,15.98637975502715,303741000
2022-11-29,15.600336074829102,15.89261191979211,15.48163079273218,15.787871013684132,298384000
2022-11-30,16.885480880737305,16.892465330806235,15.56242050073122,15.662198222921692,565298000
2022-12-01,17.09701156616211,17.22672251600334,16.59812007687738,16.961313400800822,470977000
2022-12-02,16.838581085205078,16.89545581318878,16.408536964976825,16.62206317311855,371389000
2022-12-05,16.57317543029785,16.95732209492753,16.435480895818028,16.64202269753776,352255000
2022-12-06,15.951556205749512,16.536256494140442,15.783928452332743,16.493352558842304,352694000
2022-12-07,16.084260940551758,16.150114595724432,15.632264273659429,15.737031971375904,372388000
2022-12-08,17.130937576293945,17.140915635032428,15.923619112619104,16.236924067023104,515456000
2022-12-09,16.963308334350586,17.544018774553155,16.93736690492108,17.121956228129644,465338000
2022-12-12,17.496124267578125,17.499117875319435,16.75976146929497,16.99922915428006,457328000
2022-12-13,18.03193473815918,18.7483433376604,17.671735017061216,18.48991676619764,656589000
2022-12-14,17.634817123413086,18.21153673692968,17.38138052214265,17.947122938893273,496888000
2022-12-15,16.914417266845703,17.281601445328924,16.662977044280925,17.107987414571323,478542000
2022-12-16,16.534259796142578,17.003218983176044,16.373617447522786,16.826611361927757,478232000
2022-12-19,16.217966079711914,16.57217862044,16.10920846876325,16.53526189450194,354039000
2022-12-20,16.04933738708496,16.27383892516191,15.816855115740298,16.02838403707244,403260000
2022-12-21,16.46441650390625,16.590138515163844,16.066300925017234,16.078275356146534,325025000
2022-12-22,15.304991722106934,16.102221001275094,14.849005155476785,16.058317929250357,565045000
2022-12-23,15.172287940979004,15.304992495444772,14.850004092190744,15.162309883054668,349326000
2022-12-27,14.08969497680664,15.06652469064024,14.024838544585242,15.040582308063698,464902000
2022-12-28,14.004880905151367,14.23037967097622,13.85321747946532,13.896122364527548,351066000
2022-12-29,14.570625305175781,14.650447871616409,14.195459433216843,14.370071654140734,354923000
2022-12-30,14.581600189208984,14.59656632429452,14.20144437182903,14.302220281186143,310490000
2023-01-03,14.283262252807617,14.962753137456133,14.064747927725566,14.818074155568226,401277000
2023-01-04,14.716300010681152,14.820069526606867,14.209426861493185,14.534704309371103,431324000
2023-01-05,14.233373641967773,14.531710520758232,14.11663246222546,14.458872413551465,389168000
2023-01-06,14.826059341430664,14.976724612906638,14.002888471300379,14.441912618183158,405044000
2023-01-09,15.593353271484375,16.020403900966134,15.107432477127848,15.250116050155102,504231000
2023-01-10,15.87373161315918,15.926613614633704,15.437700127722318,15.472622383707401,384101000
2023-01-11,15.965523719787598,15.992464284529852,15.528495081310508,15.804881372380587,353285000
2023-01-12,16.474393844604492,16.60011394726638,15.457652972865747,16.064305755567425,551409000
2023-01-13,16.861534118652344,16.884483841910928,16.129162184625386,16.241910621869895,447287000
2023-01-17,17.662755966186523,17.688699300985697,16.861536645437063,16.861536645437063,511102000
2023-01-18,17.33847427368164,17.83337297862017,17.243683680111356,17.627830325283927,439624000
2023-01-19,16.727828979492188,17.158872284903268,16.693905869643526,16.998228042242104,452932000
2023-01-20,17.79945182800293,17.816414337109105,16.787699916065623,16.973286475081306,564967000
2023-01-23,19.15045166015625,19.202336426570977,17.778499909823832,18.023952936401,655163000
2023-01-24,19.222291946411133,19.451783519320056,18.77827874521834,18.785263196880425,496204000
2023-01-25,19.280162811279297,19.32705950006516,18.538809936927446,18.871071892196763,449537000
2023-01-26,19.758098602294922,20.121291926493868,19.235260153653364,19.657322688857523,489535000
2023-01-27,20.319849014282227,20.582266410433473,19.36197832095678,19.41885115591402,542142000
2023-01-30,19.11951446533203,20.095344769702777,19.107540036562035,19.90576740996117,488611000
2023-01-31,19.493688583374023,19.643355663941833,18.907990025151328,19.12750161644277,498017000
2023-02-01,20.896570205688477,21.145016818201913,19.567522516028927,19.647345080075983,660477000
2023-02-02,21.66086769104004,21.90033534849852,20.654105914331332,20.953440010374486,564276000
2023-02-03,21.053218841552734,21.696789246514708,20.74290754825101,20.95344017438409,429366000
2023-02-06,21.042245864868164,21.522178471104034,20.739916222678673,20.759872338931974,452197000
2023-02-07,22.123842239379883,22.209652016752774,21.10310954039303,21.334595540764557,664150000
2023-02-08,22.155771255493164,22.827279543884256,21.959207503696422,22.33736696829217,559651000
2023-02-09,22.287477493286133,22.96896380674192,22.07095953858251,22.555882109825383,523876000
2023-02-10,21.217857360839844,22.02905476040814,20.764865257149385,21.641916327173853,550737000
2023-02-13,21.73969268798828,21.99911645552033,20.91552384659178,21.49024697725974,474919000
2023-02-14,22.92007064819336,22.997896827890425,21.318627718423105,21.530157577256894,675474000
2023-02-15,22.713529586791992,22.804327433692144,22.056989406086455,22.499006113761624,420575000
2023-02-16,21.953224182128906,22.50000774301944,21.87838968971364,22.08393238042942,412026000
2023-02-17,21.3405818939209,21.691800771351655,20.92849743532747,21.58304317749563,465888000
2023-02-21,20.609210968017578,21.44634980045972,20.57229233801295,20.953445458280317,410015000
2023-02-22,20.707983016967773,21.057207361992994,20.37572117670934,20.661088247534547,513184000
2023-02-23,23.61153793334961,23.835042267919597,22.97395461774742,23.388035501899783,1117995000
2023-02-24,23.234371185302734,23.421955993730073,22.89612399551086,23.17350751127071,589716000
2023-02-27,23.448896408081055,23.827055854409227,23.40200162980687,23.617522349762986,452994000
2023-02-28,23.164527893066406,23.772178848920596,23.154549835484183,23.320182165733303,455963000
2023-03-01,22.647680282592773,23.204443804026024,22.458100964699696,23.14058460599458,460026000
2023-03-02,23.262313842773438,23.328167510652396,22.38226919901642,22.438146710867823,389415000
2023-03-03,23.8370304107666,23.847008467110722,23.07871525669022,23.26829452098923,412393000
2023-03-06,23.50178337097168,24.194243164611763,23.43493056523591,23.8380361602402,437429000
2023-03-07,23.240312576293945,24.075598519904673,23.19340793639445,23.55167395870932,515154000
2023-03-08,24.131484985351562,24.150447084590173,23.37603510396069,23.438905826491442,513573000
2023-03-09,23.38801383972168,24.403929057492398,23.33512096029611,24.125499097663184,501257000
2023-03-10,22.91797637939453,23.57862150456227,22.679465442665016,23.36106747628327,474866000
2023-03-13,22.918975830078125,23.250296778148737,22.251346912588748,22.70541520633813,421890000
2023-03-14,24.013729095458984,24.169409811888126,23.411963139447696,23.447890629973315,474910000
2023-03-15,24.17839241027832,24.23627231190452,23.312169659954225,23.712347660414334,524486000
2023-03-16,25.48870277404785,25.535605516897093,23.845073897032023,23.977802891862606,583253000
2023-03-17,25.672325134277344,26.3449448193976,25.61544073749828,25.9287988632653,848547000
2023-03-20,25.84696388244629,25.970710514368694,25.078540163743003,25.562547632598424,432747000
2023-03-21,26.145355224609375,26.337960836204616,25.329031245204536,26.126395026788483,547408000
2023-03-22,26.413803100585938,27.532507969585293,26.183275210273973,26.37088997719431,797295000
2023-03-23,27.13532257080078,27.442692460706514,26.635348987272323,27.059477978352234,564889000
2023-03-24,26.724164962768555,27.1113709568097,26.301033385062095,26.97564975875482,454920000
2023-03-27,26.476675033569336,26.944714568093122,26.311014571134052,26.782048221700336,361026000
2023-03-28,26.355924606323242,26.45871435039119,25.7970717555382,26.392849502534016,356104000
2023-03-29,26.92874526977539,27.022552652943062,26.542538581113224,26.77007235480998,393694000
2023-03-30,27.32693099975586,27.44269460926943,27.04650622795167,27.17324699449219,364516000
2023-03-31,27.720123291015625,27.77700578403353,27.049498418004845,27.08442659853217,433933000
2023-04-03,27.907739639282227,27.942667821784,27.280027855037655,27.452673959085395,398716000
2023-04-04,27.39678955078125,27.942670460474673,27.251088574745484,27.908739678999307,368592000
2023-04-05,26.825960159301758,26.9427192704289,26.3409552107088,26.77406658654195,515015000
2023-04-06,26.98164176940918,27.024552994988376,26.372890149473246,26.52956827718351,397654000
2023-04-10,27.522533416748047,27.56444724045996,26.61439676276979,26.768080783046805,395279000
2023-04-11,27.11336898803711,27.733097708803008,27.07045586293639,27.667232866582555,314378000
2023-04-12,26.440746307373047,27.4117534425105,26.393841667350355,27.31395454613983,446259000
2023-04-13,26.4088134765625,26.83194507729408,26.275088982964736,26.67925848324337,353615000
2023-04-14,26.703208923339844,26.82795296952223,26.166310441978037,26.449729310820583,395660000
2023-04-17,26.946712493896484,26.950704014318593,26.378877313961777,26.510607005107396,321471000
2023-04-18,27.610347747802734,28.052441434897503,27.30098304931903,27.476623258466837,604812000
2023-04-19,27.873811721801758,27.942670689641986,27.17624350095967,27.30497908731356,358660000
2023-04-20,27.04850196838379,27.972606485594795,26.944714827313312,27.614340416338198,427713000
2023-04-21,27.063472747802734,27.127342787585114,26.66728625337911,26.896814866617028,345103000
2023-04-24,26.986631393432617,27.309967410410923,26.61639072563291,26.957691440868356,339282000
2023-04-25,26.187267303466797,27.191207903080986,26.171301222877446,27.02255332861515,378527000
2023-04-26,26.900802612304688,27.27403733509567,26.65031712353252,26.946709851264895,406337000
2023-04-27,27.170251846313477,27.43870204664904,26.57048262204744,27.306972360442714,377161000
2023-04-28,27.692182540893555,27.701162985929276,27.015569392110717,27.169255299832017,292216000
2023-05-01,28.850807189941406,28.99850487853989,27.723121680285786,27.782998298498846,570329000
2023-05-02,28.152236938476562,28.776956510510566,28.025498077141993,28.621275795478528,402730000
2023-05-03,27.745073318481445,28.30891697061435,27.415749094927655,27.782995617159955,383387000
2023-05-04,27.50556182861328,27.801952644290193,27.18422068244442,27.594378381183077,321850000
2023-05-05,28.621274948120117,28.696120235561477,27.67421872062941,27.76902351276572,361494000
2023-05-08,29.091310501098633,29.16016946274796,28.291951910306917,28.46359870886539,344979000
2023-05-09,28.51249885559082,28.913676170511692,28.3917482221622,28.839828282414175,314869000
2023-05-10,28.825855255126953,29.053389041510602,28.402723651406696,28.94560847700235,369350000
2023-05-11,28.519485473632812,28.89072544575844,28.18816641833993,28.83683515837139,322149000
2023-05-12,28.281970977783203,28.72107056378974,27.988572349830026,28.470583157825374,274222000
2023-05-15,28.893714904785156,28.90968288930767,28.09435634331566,28.449626392092515,293926000
2023-05-16,29.153182983398438,29.808839206478215,28.77296450239682,28.781944947212995,449405000
2023-05-17,30.116207122802734,30.137164031905737,29.369739532230806,29.523423532319487,432535000
2023-05-18,31.613136291503906,31.76282877397273,30.257917101676483,30.347732971846412,748725000
2023-05-19,31.199981689453125,31.515334611569322,30.852694703812897,31.471424084571897,473908000
2023-05-22,31.112167358398438,31.45546287720747,30.617182635048753,30.83772890145582,372000000
2023-05-23,30.625164031982422,31.223935873295638,30.568281535055462,30.936525465603022,356253000
2023-05-24,30.47547149658203,30.544330458079507,29.744969965607368,30.14814207840876,721419000
2023-05-25,37.9022331237793,39.39916178020132,36.55998587698389,38.44412056648187,1543911000
2023-05-26,38.86625671386719,39.08979709643769,37.47311513309701,37.812419131021514,714397000
2023-05-30,40.028873443603516,41.852132355940626,39.867206384616175,40.51188361880298,923401000
2023-05-31,37.756534576416016,40.212494220771234,37.7445581109248,39.40714734389047,1002580000
2023-06-01,39.68857192993164,39.967997415586815,38.26149953067262,38.410192719285774,635873000
2023-06-02,39.2464714050293,40.4170698367897,38.97802122010776,40.014895164925456,482731000
2023-06-05,39.09079360961914,39.48398404045427,38.627743010740026,38.82932905392205,396094000
2023-06-06,38.57485580444336,39.07982029424169,38.06989131464503,38.75049794421731,388729000
2023-06-07,37.402130126953125,39.422196626647725,37.28336203456749,38.83933255229278,511998000
2023-06-08,38.43512725830078,38.78843910356959,37.43208391857247,37.650656098499375,417772000
2023-06-09,38.69461441040039,39.63378277087799,38.49201001557308,38.96109353851752,427717000
2023-06-12,39.405235290527344,39.453142301230535,38.542916712430916,39.12378588583667,388701000
2023-06-13,40.942237854003906,41.0210866253636,39.66273283742683,40.107864800357326,613208000
2023-06-14,42.91340255737305,42.91639507972652,40.47315286932789,40.744627187256896,740465000
2023-06-15,42.57007598876953,43.20484109231197,42.06505921158456,42.519176450195246,568622000
2023-06-16,42.60899353027344,43.63599213320871,42.5780517641451,43.3655191410193,655709000
2023-06-20,43.72282028198242,43.90446942443079,42.59102630942327,42.91439764756023,451153000
2023-06-21,42.9613037109375,43.530198935249985,41.998183661789234,43.41641836747542,551603000
2023-06-22,42.941349029541016,43.341566542076215,42.15188658669768,42.170846843287116,417737000
2023-06-23,42.126930236816406,42.72576209923424,41.93330719856048,42.381435491620046,358140000
2023-06-26,40.5529899597168,42.680844198284284,40.02202295548009,42.378431988802625,594322000
2023-06-27,41.794586181640625,41.85846093359961,40.369364835566834,40.71968036738126,462175000
2023-06-28,41.03705596923828,41.76364114383004,40.43922159164072,40.58094379252524,582639000
2023-06-29,40.74263000488281,41.51911724853508,40.52106150883683,41.47719909021722,380514000
2023-06-30,42.21975326538086,42.467272192490576,41.420311904436474,41.5989647398468,501148000
2023-07-03,42.33053207397461,42.814589668673115,42.11994379587202,42.434329951938,198209000
2023-07-05,42.23472595214844,43.09305068763653,42.00317476731274,42.053076792694064,323618000
2023-07-06,42.021148681640625,42.09700114412261,41.26562038709098,41.76265332751653,303582000
2023-07-07,42.42036056518555,43.129980526432945,42.097990517388034,42.239712723775206,355881000
2023-07-10,42.097991943359375,42.727765640952,41.568022298100566,42.57406572515449,353908000
2023-07-11,42.32254409790039,42.67485834432988,41.985203882736315,42.39839653240351,298244000
2023-07-12,43.8166389465332,43.84957572671799,42.69382635632928,42.949329116868,481277000
2023-07-13,45.88761520385742,46.065266739732245,44.40550165096542,44.43145207784274,478204000
2023-07-14,45.38059616088867,47.99450350820883,44.972390985691305,46.492428621249765,772075000
2023-07-17,46.370662689208984,46.40559448511717,45.17399644703976,46.19900003919172,510488000
2023-07-18,47.40165710449219,47.8028759240553,45.645080740043866,46.61019966194242,569164000
2023-07-19,46.98546600341797,47.725026374946644,46.65111827083296,47.37171457968649,427502000
2023-07-20,45.431495666503906,46.99545027981004,44.974385975713794,46.41657614955658,537865000
2023-07-21,44.22284698486328,45.776822685139486,44.01425371443011,45.698971418551594,963769000
2023-07-24,44.5252571105957,45.02129240158318,43.95437069346409,44.644025212328465,382516000
2023-07-25,45.59019088745117,46.09320880823953,44.83566019898798,44.85362675642214,348081000
2023-07-26,45.36362838745117,45.96346161310325,44.54322798421179,45.93152233751283,364237000
2023-07-27,45.81075668334961,47.30284884094631,45.66104681024001,46.42855262404122,455976000
2023-07-28,46.65910720825195,46.93556908272483,46.2908251472219,46.577265904182916,331194000
2023-07-31,46.63813400268555,47.03835521956347,46.41556805998911,46.66308691226905,251055000
2023-08-01,46.41657257080078,46.808809981833214,45.9375063312931,46.36966307349115,237858000
2023-08-02,44.182926177978516,45.750870737209425,43.302641133046315,45.74188936339505,530142000
2023-08-03,44.42844772338867,45.03027593449394,43.71483776411609,43.71483776411609,324176000
2023-08-04,44.5931282043457,45.55325576078865,44.30668747221976,44.897535492129286,362666000
2023-08-07,45.32869338989258,45.451455331655026,44.47635377122551,45.02328860387296,322154000
2023-08-08,44.57715606689453,45.154031311172126,43.970336566145846,44.76578774990283,353843000
2023-08-09,42.471256256103516,44.22583731482129,42.05207094997095,44.18790919409857,586449000
2023-08-10,42.30558776855469,43.48928271463046,41.753661535765616,42.07803041712352,492705000
2023-08-11,40.77555847167969,41.93629907044149,40.5599788718329,41.66981614067662,533085000
2023-08-14,43.66792678833008,43.71483628671642,40.2326217412967,40.407280716905284,690286000
2023-08-15,43.85456848144531,45.17998944739272,43.62501611478745,44.473365790467945,676512000
2023-08-16,43.401451110839844,44.58813853982079,43.32160482572684,44.43344112151487,527451000
2023-08-17,43.25972366333008,43.97632609118521,42.91738827793847,43.884505920253574,452395000
2023-08-18,43.214813232421875,43.4932701006516,41.57900001272248,42.55210279035976,583768000
2023-08-21,46.87568283081055,46.97349186656967,44.13602090022551,44.407491420923556,692573000
2023-08-22,45.57920455932617,48.09330773941367,45.24485683130546,48.041406896438666,755293000
2023-08-23,47.024391174316406,47.10822748349232,45.12010004821166,45.77682161070316,779046000
2023-08-24,47.0713005065918,50.16826807045973,47.06731047667301,50.11836604551162,1156044000
2023-08-25,45.928524017333984,47.71204812043245,44.9364534643998,46.92059076298821,925341000
2023-08-28,46.74394607543945,46.888664634446876,44.800732684420076,46.391631711311426,685192000
2023-08-29,48.68914794921875,48.985571364963455,46.30079918990067,46.575266020642104,701397000
2023-08-30,49.168209075927734,49.829918115562,48.33083976005429,48.94863563426867,735206000
2023-08-31,49.2590446472168,49.647288301131454,48.86281712543133,49.283997565683826,528570000
2023-09-01,48.41468048095703,49.7031706927899,48.0483934780796,49.66524637506185,463830000
2023-09-05,48.45360565185547,48.75601791251672,47.76694364415611,48.1292368066892,382653000
2023-09-06,46.97336196899414,48.4585899209421,46.49325871140174,48.35079314460042,468670000
2023-09-07,46.1548957824707,46.25770462589442,45.067922908266546,45.440229441727205,433330000
2023-09-08,45.48713302612305,46.51920787567737,45.18669486734432,45.8564467422701,473069000
2023-09-11,45.09387969970703,46.0770424255395,44.22949106974816,46.06207096484273,473966000
2023-09-12,44.78644561767578,45.587951736657104,44.44807617569655,44.6546914479524,349256000
2023-09-13,45.400306701660156,45.84447779885845,44.4201329496468,44.51695245570367,398355000
2023-09-14,45.496124267578125,45.90136648262812,45.04696145729557,45.864436629731664,370097000
2023-09-15,43.8182487487793,45.514082288276775,43.726417212467545,45.25656332752661,506831000
2023-09-18,43.88412857055664,44.15961559349167,41.921789942113186,42.66839815481211,500271000
2023-09-19,43.438968658447266,43.88413737856735,42.921931591888146,43.75138559586022,373064000
2023-09-20,42.160343170166016,43.821246018935675,42.14437412203361,43.51880884841662,367108000
2023-09-21,40.940616607666016,42.02160003234205,40.90368675780257,41.50556449339025,450736000
2023-09-22,41.532527923583984,42.03658874202382,41.15423196039798,41.49459666448502,479236000
2023-09-25,42.14337921142578,42.4567936946112,41.1003231092512,41.51355366859355,419091000
2023-09-26,41.83295440673828,42.74026210135053,41.577430601284675,41.92278696484624,402282000
2023-09-27,42.388916015625,42.79216683776979,41.55148148041127,42.25117631483952,444935000
2023-09-28,43.008766174316406,43.36509986355093,42.03658080053992,42.38093579889095,424663000
2023-09-29,43.417999267578125,44.06179864340564,43.22635545841842,43.74538760189782,397830000
2023-10-02,44.698612213134766,45.09087814744479,43.77932579033049,43.948009813372195,433298000
2023-10-03,43.435970306396484,45.04596969701848,43.16547499563003,44.72456684968937,470850000
2023-10-04,43.958988189697266,44.06079943552314,43.21138241263282,43.6605451941074,361821000
2023-10-05,44.604793548583984,44.816400615425316,43.80628385856815,43.967980976112926,393483000
2023-10-06,45.67679214477539,45.70374229719828,43.944024517632684,44.110713380697035,434436000
2023-10-09,45.18869400024414,45.52007649973999,44.28538045832398,44.75849682767498,409675000
2023-10-10,45.71271896362305,46.17285906419018,45.004041982640686,45.22562871384522,368582000
2023-10-11,46.718841552734375,46.77174426177856,45.96424879463127,46.109976834306515,378137000
2023-10-12,46.857582092285156,47.52034710135052,46.24372943331202,46.68989566086201,481325000
2023-10-13,45.376346588134766,47.02826743741539,45.19568386802554,46.87255588078778,474115000
2023-10-16,46.00917053222656,46.13892572569301,44.82837085700402,44.97909066386404,375099000
2023-10-17,43.85618591308594,44.67066838631244,42.40090056802487,43.91807074145932,812333000
2023-10-18,42.1174201965332,43.13851774775219,41.74711270086322,42.51168506984707,627294000
2023-10-19,42.022613525390625,43.21638582989178,41.80401951663401,42.731290656514126,501233000
2023-10-20,41.309940338134766,42.39092402452541,41.0015137629479,41.81200213030283,477266000
2023-10-23,42.89497756958008,43.1674718539468,40.86875871685224,41.152230295210934,478530000
2023-10-24,43.58169174194336,43.615628825296106,42.611505424258,42.996784415979555,401463000
2023-10-25,41.70120620727539,43.56872457047859,41.47762427336827,43.31719108723883,398379000
2023-10-26,40.25090789794922,42.17731428874224,39.80573926150373,41.775064849583806,541001000
2023-10-27,40.42458724975586,41.12927392659706,39.94048973150051,41.0534152286562,416784000
2023-10-30,41.08435821533203,41.68823125867914,40.405624059194345,41.01049849985918,388028000
2023-10-31,40.704063415527344,40.802881903079644,39.1569503913023,40.37467987980174,517969000
2023-11-01,42.24618911743164,42.30208459844571,40.79289899587781,40.807870455778854,437593000
2023-11-02,43.42498779296875,43.802282272530825,42.814127888386025,43.247317846401735,409172000
2023-11-03,44.92119598388672,45.22462694220357,43.64158173973637,43.93802957100558,424610000
2023-11-06,45.66580581665039,45.849465106470674,44.815391150878824,45.20067395834923,400733000
2023-11-07,45.86943054199219,46.13193749816825,45.073913725971586,45.63386992886557,343165000
2023-11-08,46.48727035522461,46.77972399420801,45.882396057118896,46.01415021384401,346719000
2023-11-09,46.86257553100586,48.14019083451283,46.662947187934414,47.3786111235174,540496000
2023-11-10,48.2449951171875,48.38174104695151,47.194955890683396,47.41155087354873,421245000
2023-11-13,48.52946090698242,49.02453947075824,48.009431181663935,48.23002031531456,384136000
2023-11-14,49.56352996826172,49.74119990193618,48.94867974988804,49.58748734734276,416954000
2023-11-15,48.79697036743164,49.866972887678294,48.11025170692205,49.84202172257436,475497000
2023-11-16,49.38785934448242,49.43277752675656,48.24000312516628,48.58835225290183,339756000
2023-11-17,49.206214904785156,49.62443351071689,48.915756337304906,49.43179205558742,325205000
2023-11-20,50.31513595581055,50.453877068941594,49.08942192234672,49.22017851068948,414120000
2023-11-21,49.85100555419922,50.4229366906256,49.13034978134325,50.03266588200401,565747000
2023-11-22,48.625282287597656,50.24126692176278,47.60119189596065,49.759168450104845,899420000
2023-11-24,47.687034606933594,48.829902895158824,47.656090292901155,48.37974251431558,294645000
2023-11-27,48.15217208862305,48.43963402417859,47.56327053938668,47.7109937696309,395662000
2023-11-28,47.73195266723633,48.233020614585215,47.38460109717888,48.146180818273855,401491000
2023-11-29,48.050357818603516,48.67120123627393,47.7708804254883,48.288914999950215,382005000
2023-11-30,46.68290710449219,48.0204119586937,46.33555556358415,47.934569759213595,526247000
2023-12-01,46.677921295166016,47.11211268040661,46.10099843511436,46.43837031596677,369317000
2023-12-04,45.42525100708008,45.99119649745045,44.92618209165027,45.99119649745045,437543000
2023-12-05,46.483375549316406,46.51731180808335,45.19067140687653,45.385325095795785,371718000
2023-12-06,45.42225646972656,47.302916124514056,45.33141833887503,47.13122044302318,380590000
2023-12-07,46.51332092285156,46.54626331215597,45.52308054469381,45.618910872891085,350823000
2023-12-08,47.42171096801758,47.65629461849747,46.467405912391875,46.51232804934258,359224000
2023-12-11,46.54426574707031,47.446661054028745,45.74868283771919,47.40673492251671,509728000
2023-12-12,47.572444915771484,47.581427820158346,45.96430321028968,45.96430321028968,372387000
2023-12-13,48.002681732177734,48.507784486050255,47.523533822968744,47.54449647259797,447792000
2023-12-14,48.26420974731445,48.58364165791398,47.337858729747325,48.30413968812158,391232000
2023-12-15,48.80325698852539,49.316344970250725,48.03462269335951,48.108492709816815,479948000
2023-12-18,49.9881477355957,50.34351507731144,49.062794375670336,49.31235079913167,412587000
2023-12-19,49.51598358154297,49.61181391094036,48.80824198487287,49.33630266590499,464444000
2023-12-20,48.025630950927734,49.91028133379936,48.01265353097003,49.56688996732464,397894000
2023-12-21,48.903072357177734,49.00788558509217,48.33308260166921,48.72438912714479,300425000
2023-12-22,48.74335479736328,49.29537111268927,48.380996155276534,49.10770498591239,252507000
2023-12-26,49.19156265258789,49.51199224313979,48.87312841671405,48.88111364335506,244200000
2023-12-27,49.329322814941406,49.591856680513665,48.997911127361846,49.42315780443188,233648000
2023-12-28,49.43412780761719,49.795484989479434,49.324322381717465,49.55491529927827,246587000
2023-12-29,49.43412780761719,49.90828725509975,48.66449595698359,49.72461182444803,389293000
2024-01-02,48.08253479003906,49.20753405733888,47.510553413556266,49.156625856562634,411254000
2024-01-03,47.484596252441406,48.09850289557728,47.23603751691528,47.40074566328975,320896000
2024-01-04,47.912841796875,48.41395003873669,47.42370949212884,47.68224884044641,306535000
2024-01-05,49.00988006591797,49.459082326064205,48.22028328844258,48.37600851565981,415039000
2024-01-08,52.1602783203125,52.18224245073565,49.3912023650384,49.42414475274484,642510000
2024-01-09,53.045711517333984,54.22861030764682,51.59828353362604,52.30802433098523,773100000
2024-01-10,54.253562927246094,54.50311934146144,53.39409057576156,53.52086794542818,533796000
2024-01-11,54.72472381591797,55.24779611496442,53.46496584925973,54.90141170121365,596759000
2024-01-12,54.6129264831543,54.87246729450568,54.23360346337735,54.523086018906326,352994000
2024-01-16,56.28196334838867,56.734158722808395,54.80259436306696,54.920385030235444,449580000
2024-01-17,55.953548431396484,56.370806056804064,54.64287831771136,56.24702551752996,474394000
2024-01-18,57.005680084228516,57.49780544166529,56.00745426886676,57.15840851212512,491650000
2024-01-19,59.38544464111328,59.394427545023596,57.12346261571884,57.88610696898355,543501000
2024-01-22,59.548152923583984,60.223953645882176,58.96518950299891,59.942452516713104,452955000
2024-01-23,59.76676940917969,59.803702511682395,58.48105267598879,59.46430561582059,294654000
2024-01-24,61.25312042236328,62.73748144195341,59.83164734308872,60.19699904963291,560271000
2024-01-25,61.507667541503906,62.60771334377325,60.74202640224238,62.23936480631996,482777000
2024-01-26,60.922706604003906,61.67337498834804,60.4655228910145,60.85183343731232,390309000
2024-01-29,62.35416793823242,62.37812361839996,60.79893365210522,61.12335395532468,348733000
2024-01-30,62.66261672973633,63.38034275629544,62.14952879417416,62.788396424260334,410735000
2024-01-31,61.4178352355957,62.15851930991276,60.592302887690344,61.33098779929159,453795000
2024-02-01,62.91516876220703,63.07887923181449,61.5406131324354,61.98981163068563,369146000
2024-02-02,66.04261016845703,66.48182425910672,63.57698787949549,63.86048434942647,476578000
2024-02-05,69.208984375,69.37369252800232,67.08575942583846,68.10394628020288,680078000
2024-02-06,68.1019515991211,69.630233381063,66.18236704818828,69.50645284574946,683111000
2024-02-07,69.974609375,70.09539685563645,67.48004326560577,68.19776917750116,495575000
2024-02-08,69.51742553710938,70.66837949372972,69.33175856710787,69.9496558671256,414422000
2024-02-09,72.0050277709961,72.0569298484953,70.08743069197543,70.40786033375117,436637000
2024-02-12,72.11980438232422,74.4786104438433,71.12357413495056,72.47117717433613,613710000
2024-02-13,72.00003051757812,73.31968365428922,69.4964845401849,70.27509946360114,602580000
2024-02-14,73.76889038085938,74.10429279758857,71.81037331243682,73.0721307009838,504917000
2024-02-15,72.52908325195312,73.84374789733648,72.27154539670707,73.73794078168315,420122000
2024-02-16,72.48414611816406,74.2699729733596,72.37234535124092,73.96850692718213,495327000
2024-02-20,69.32877349853516,71.82832841143384,67.61381946264177,71.81934169951924,704833000
2024-02-21,67.35228729248047,68.76577530674938,66.13045996080022,67.88533642606332,673755000
2024-02-22,78.3986587524414,78.43558804957509,74.08831901858908,74.89189108055353,865100000
2024-02-23,78.67716217041016,82.24781162101127,77.43237298519631,80.64666119604064,829388000
2024-02-26,78.95167541503906,80.50291911362528,78.36571128314377,79.5585907729136,503973000
2024-02-27,78.56136322021484,79.338988045559,77.02509990421383,79.24015705268404,391705000
2024-02-28,77.52519989013672,78.7929431019633,76.98815248522881,77.48227691873889,393110000
2024-02-29,78.97162628173828,79.84806674793919,78.21097730890395,78.95366047452625,507289000
2024-03-01,82.13301086425781,82.15397732028299,79.29405523547015,79.85805518730493,479135000
2024-03-04,85.08575439453125,87.5393930852347,83.57045019844777,83.98071640863849,615616000
2024-03-05,85.81549835205078,85.94827183043155,83.27290109267872,85.12269695886387,520639000
2024-03-06,88.54676818847656,89.56900130568565,86.87965493223747,87.8699456446009,582520000
2024-03-07,92.50892639160156,92.60675668423116,89.44722285119568,90.00226219768649,608119000
2024-03-08,87.37679290771484,97.23174040772027,86.35655527181379,94.97364703765751,1142269000
2024-03-11,85.62581634521484,88.64358872381372,84.02059266805003,86.27968352904108,678364000
2024-03-12,91.75421905517578,91.80113493638854,86.0011743538899,87.89689583589372,668075000
2024-03-13,90.73098754882812,91.34592070136199,88.28222228746216,90.89769886633881,635713000
2024-03-14,87.79207611083984,90.48941185201531,86.45039611721776,89.42225831640668,602318000
2024-03-15,87.68527221679688,89.39131979974543,86.10800722766477,86.77984124405515,642086000
2024-03-18,88.30218505859375,92.24535790675833,86.93454915835915,90.23184422557269,668976000
2024-03-19,89.24356842041016,90.38758481674583,84.86314816147532,86.55022352343148,672171000
2024-03-20,90.21588134765625,90.25381771221527,88.07059173697641,89.6418701073994,479063000
2024-03-21,91.27704620361328,92.48795583781609,90.24882671788191,92.140557424416,480372000
2024-03-22,94.1261215209961,94.61427521165601,90.67708804781446,90.9835569272488,586719000
2024-03-25,94.83788299560547,96.59883562555477,93.34846365413705,93.77871885813295,552136000
2024-03-26,92.4011001586914,96.20851455285562,92.34220396856466,95.68541767838448,513648000
2024-03-27,90.09410095214844,93.07893385392306,88.96904884364167,92.95115660792449,586067000
2024-03-28,90.19992065429688,91.14229021994063,89.03892762518525,89.8445328106342,435212000
2024-04-01,90.20689392089844,92.0656767674512,89.04989954343785,90.14300911365386,452441000
2024-04-02,89.2974624633789,89.93835161134503,87.46862677190417,88.29519159294945,433064000
2024-04-03,88.81031036376953,90.21787822523544,88.24728931215489,88.33114383542578,370067000
2024-04-04,85.75658416748047,90.4774179638533,85.73162583573242,90.24980742241583,434965000
2024-04-05,87.8559799194336,88.32816244191248,85.7775755946387,86.71594667786945,399678000
2024-04-08,86.98247528076172,88.67654220104028,86.58216705957724,88.54676191015398,283220000
2024-04-09,85.20654296875,87.4836082761363,82.87857850073121,87.29094090122678,501700000
2024-04-10,86.88863372802734,87.24901012884979,83.56438477591776,83.78101275251376,431929000
2024-04-11,90.45945739746094,90.58224601063488,86.77583708331596,87.2689793680449,431637000
2024-04-12,88.03366088867188,90.01923104025528,87.37879585703206,89.54404775764081,426805000
2024-04-15,85.85242462158203,90.45645646962656,85.78055040974887,88.94407438415881,443077000
2024-04-16,87.26399230957031,87.965773191981,85.91532822119116,86.28368645109244,370453000
2024-04-17,83.88983154296875,88.62164096734257,83.80497167986917,88.18738725935935,495400000
2024-04-18,84.52471923828125,86.0410998135889,82.25964198597137,84.82320627802973,447260000
2024-04-19,76.068359375,84.17832549176838,75.47539137545536,83.00635763015296,875198000
2024-04-22,79.38063049316406,79.93467203595871,76.26802061217705,77.96907171420484,596341000
2024-04-23,82.2806167602539,82.62601974052421,80.1253496885507,80.62947459576492,438559000
2024-04-24,79.53936004638672,83.93674919660243,79.0462101404743,83.80497344877082,512208000
2024-04-25,82.48926544189453,83.17906608261447,78.08787733468318,78.73175981196158,424641000
2024-04-26,87.58345031738281,88.17842147858853,83.2429613231266,83.67321658546781,551011000
2024-04-29,87.60540771484375,87.8399947565515,85.11870586410434,87.44368500312586,388971000
2024-04-30,86.25275421142578,88.66557903150859,86.15093302077396,87.0893041357892,363709000
2024-05-01,82.89753723144531,85.85142484392729,81.11461964994571,84.93002290842145,559863000
2024-05-02,85.66874694824219,86.08801954331209,83.05626359727954,84.30310641773906,377898000
2024-05-03,88.63561248779297,89.12675929539812,86.8896334546632,87.6373400551101,398341000
2024-05-06,91.98081970214844,92.06068332323404,88.90115021604193,89.23557056109705,376203000
2024-05-07,90.3975601196289,91.62243773928878,88.8572265315021,90.94061902784969,437342000
2024-05-08,90.25582122802734,91.03646805439529,89.26553046184982,89.32842516703573,325721000
2024-05-09,88.59368896484375,90.91466942223298,88.07858152551931,90.37260819958134,378013000
2024-05-10,89.72272491455078,91.24309639621146,89.07284860877868,90.14898917811553,335325000
2024-05-13,90.24283599853516,90.84080023922876,88.37606371894472,90.32169428450598,289680000
2024-05-14,91.19818878173828,91.49267735254841,88.78036800318161,89.44422015487879,296507000
2024-05-15,94.46652221679688,94.69812368698847,91.44076009123388,92.31225306463462,417735000
2024-05-16,94.19599151611328,95.65346838301872,93.94042944222824,94.74604213563502,323952000
2024-05-17,92.31924438476562,94.57634022771545,91.64741042469609,94.20598653059943,359691000
2024-05-20,94.61626434326172,95.03553695656012,93.27858287715311,93.58804490846175,318764000
2024-05-21,95.2212142944336,95.23519004733342,93.01902406434208,93.43729892728764,328946000
2024-05-22,94.78596496582031,95.85411617010452,93.0879071432018,95.29408831779949,548648000
2024-05-23,103.61969757080078,106.1363388077003,101.34462744914427,101.85175314144693,835065000
2024-05-24,106.28507995605469,106.29106630104066,102.82207077624999,104.26856517672162,429494000
2024-05-28,113.7042236328125,114.74043237669933,109.69316745366345,110.05354384473526,652728000
2024-05-29,114.62664031982422,115.29248791517858,110.70942292973874,112.85471267036033,557442000
2024-05-30,110.30911254882812,115.61892428256706,109.47356046717066,114.45194499585061,484553000
2024-05-31,109.44361114501953,112.52228313915187,106.75526253688238,112.32561724375552,613263000
2024-06-03,114.80133056640625,114.80133056640625,111.80950641949946,113.42471506551881,438392000
2024-06-04,116.23585510253906,116.39857553569502,113.8479889155611,115.51610755402032,403324000
2024-06-05,122.22848510742188,122.2374646244509,117.26507420610801,118.16651413530396,528402000
2024-06-06,120.78898620605469,125.37005594832782,118.1156108470622,123.83371299207869,664696000
2024-06-07,120.67916870117188,121.48178065904402,117.81812234412239,119.56309618694148,412386000
2024-06-10,121.57960510253906,122.88733960177423,116.80786391189227,120.16206002224595,313434100
2024-06-11,120.71105194091797,122.66782593913159,118.54461678500223,121.56962984389475,222551200
2024-06-12,124.99397277832031,126.67120854134929,122.3683033445049,122.85749488714337,299595000
2024-06-13,129.396728515625,129.5864183097163,126.9507630154097,129.1770893049594,260704500
2024-06-14,131.6630096435547,132.6214215295718,128.10886970168357,129.74617063783822,309320400
2024-06-17,130.7644805908203,133.5099557271365,129.3667902512595,132.77118307637525,288504400
2024-06-18,135.35690307617188,136.10566894087242,130.47495024767164,130.92420671975586,294335100
2024-06-20,130.5648193359375,140.5283944338281,129.30689796657785,139.56998250489207,517768400
2024-06-21,126.36172485351562,130.41504917764772,124.09546355999291,126.91082285827493,649445800
2024-06-24,117.91564178466797,124.2551908621237,117.8457572795687,123.03719724453093,476060900
2024-06-25,125.88249969482422,126.29182864533075,119.12364391636093,121.00054740238744,414192600
2024-06-26,126.19202423095703,127.90918776205926,122.39827366611266,125.92246422081828,362975900
2024-06-27,123.78598022460938,126.20200405764365,122.71774114608809,123.89579983596734,252571700
2024-06-28,123.33671569824219,127.49985213027985,122.54801473015355,124.3750052910358,315516700
2024-07-01,124.09547424316406,124.6345790000873,118.63447360818265,123.26683813440599,284885500
2024-07-02,122.46815490722656,123.20694278300529,120.83085399993702,120.93068793490033,218374000
2024-07-03,128.0689239501953,128.0689239501953,121.16031210370706,121.45982152361671,215749000
2024-07-05,125.62295532226562,128.63799033992214,125.4732006158399,127.17040031042268,214176700
2024-07-08,127.9890365600586,130.55481479101948,126.83094936680692,127.28020581947078,237677300
2024-07-09,131.16383361816406,133.59982130546845,128.4383145629174,130.13552958791902,285366600
2024-07-10,134.68801879882812,134.87770860466375,132.20211043348235,133.80946190177127,248978600
2024-07-11,127.19037628173828,135.9259713268732,126.84095369862746,135.52663558437,374782700
2024-07-12,129.02732849121094,131.70291097832524,127.01064833229333,128.04893020829968,252680500
2024-07-15,128.2286376953125,131.1737800395054,126.97070905664152,130.34514408452472,208326200
2024-07-16,126.15206909179688,128.82765170945768,124.37499938694933,128.22864817880884,214769500
2024-07-17,117.79584503173828,121.64949400158038,116.52793817127537,121.15031675281162,390086200
2024-07-18,120.89073944091797,122.19858897958201,116.36819489836525,121.64949097287113,320979500
2024-07-19,117.73595428466797,121.3999137142076,117.17687816504188,120.15197050658449,217223800
2024-07-22,123.33671569824219,123.86584236392231,119.66277083791101,120.15196240961751,258068900
2024-07-23,122.38827514648438,124.48482570104972,121.89908357161131,122.57796493987696,173911000
2024-07-24,114.06199645996094,119.75261380553808,113.2533317889684,118.97389854949489,327776900
2024-07-25,112.09524536132812,116.43808604158575,106.12508953993542,112.85399693651604,460067000
2024-07-26,112.87395477294922,116.00878722251285,111.3963944118867,115.99880916186419,293399100
2024-07-29,111.4063720703125,116.08865698961546,111.1168559757427,113.50292255867154,248152100
2024-07-30,103.55931854248047,111.8057214597651,102.37127421675278,111.33649361290321,486833300
2024-07-31,116.82743835449219,118.14526596856572,110.6975424326974,112.71422275560462,473174200
2024-08-01,109.03028869628906,119.96227450650746,106.63423649015627,117.3365974252001,523462300
2024-08-02,107.09347534179688,108.54109382170915,101.20319035397925,103.58925680976456,482027500
2024-08-05,100.28471374511719,103.23984998207244,90.54077860317504,91.90851949250676,552842400
2024-08-06,104.07846069335938,107.5327664843651,100.38455194570304,103.6691316762756,409012100
2024-08-07,98.74725341796875,108.62097943024764,98.52761419555756,107.63260292939728,411440400
2024-08-08,104.79727172851562,105.3263983879788,97.3595262295921,101.83215768316434,391910000
2024-08-09,104.57763671875,106.42459107060563,103.2598090475883,105.46617163856445,290844200
2024-08-12,108.84060668945312,110.88723650727509,106.08515369153115,106.14505252549102,325559900
2024-08-13,115.94889068603516,116.03874655153282,111.39639661656214,112.25498209343158,312646700
2024-08-14,117.88569641113281,118.40483737868666,113.88229289564154,118.3349528711921,339246400
2024-08-15,122.65784454345703,123.03721654252207,117.27671395628101,118.56459228097263,318086700
2024-08-16,124.37500762939453,124.79431469874058,120.98060074622069,121.73935231230438,302589900
2024-08-19,129.7860870361328,129.7860870361328,123.21691249503145,124.0754979878485,318333600
2024-08-20,127.04061126708984,129.6662885004724,125.68284852553639,128.18871285893894,300087400
2024-08-21,128.28855895996094,129.13716641620366,126.45159025428316,127.11050029285343,257883600
2024-08-22,123.53639221191406,130.53485987199215,122.89744589722252,129.80606530219129,376189100
2024-08-23,129.1571044921875,129.38673697357257,125.01393980516215,125.65288601497598,323230300
2024-08-26,126.25190734863281,131.04400430992783,124.16535012958609,129.35679802537265,331964700
2024-08-27,128.08889770507812,128.98741074794592,123.67616460225028,124.84424526829238,303134600
2024-08-28,125.40330505371094,128.11883041927797,122.4381910717034,127.90916927864866,448101100
2024-08-29,117.3965072631836,124.22525631015377,116.51795800585043,121.16030816238968,453023300
2024-08-30,119.17357635498047,121.54965726206557,117.02711271158417,119.33330911013266,333751600
2024-09-03,107.8222885131836,116.01877823521122,107.1134577156826,115.8191103772934,477155100
2024-09-04,106.03523254394531,113.0836130103624,103.94867525541761,105.23655349888746,372470300
2024-09-05,107.0335922241211,109.4695798052194,104.58762658147727,104.817243866478,306850700
2024-09-06,102.66079711914062,107.97204286084109,100.78388574677186,107.86222325429438,413638100
2024-09-09,106.29480743408203,106.37467762407766,103.51938307487873,104.70741977949132,273912000
2024-09-10,107.922119140625,109.21998302790867,104.77730096516093,107.63259542371279,268283700
2024-09-11,116.7176284790039,116.99716652085532,107.24323877137772,109.20999835891277,441422400
2024-09-12,118.95413208007812,120.60155948017247,115.19999582839206,116.6577172050991,366052700
2024-09-13,118.91419219970703,119.77285113489948,117.4165323291377,118.89422675312926,238358300
2024-09-16,116.5978012084961,117.9956184829638,114.18157866716109,116.60778773961486,248772300
2024-09-17,115.40966796875,118.61466685067687,114.65085910577872,117.98564481894722,231925900
2024-09-18,113.19313049316406,117.51636932909096,113.04336298957726,115.70919560695407,310318900
2024-09-19,117.68611145019531,119.47331975028854,117.06707598202318,117.16691844656921,293506400
2024-09-20,115.81903076171875,118.43494609535816,115.2099818009,116.87737463970251,382462400
2024-09-23,116.07862854003906,116.80748542405605,114.68081111279044,116.36817703420066,206228500
2024-09-24,120.68144226074219,121.6099917401929,115.20000132519814,116.33822228484836,354966800
2024-09-25,123.31731414794922,124.74508350925583,121.42027681497308,121.82963321276459,284692900
2024-09-26,123.84648132324219,127.47081527785902,121.6099781665842,126.60217747362803,302582900
2024-09-27,121.21060943603516,123.83650371853182,119.07394858799772,123.7765997601264,271009200
2024-09-30,121.25054931640625,121.31045327548797,117.96568098439478,118.1254274144435,226553700
2024-10-01,116.81745910644531,122.24897417258154,115.60934783662292,121.58001370293499,302094500
2024-10-02,118.66458129882812,119.19375323018366,114.96037016184738,116.25834508658102,221845900
2024-10-03,122.6583480834961,124.16599456239773,120.15226164035356,120.73135864781146,277118000
2024-10-04,124.72510528564453,124.84492081095192,121.63992977952229,124.74507834860822,243678100
2024-10-07,127.520751953125,130.4361947862503,124.75506901888204,124.79500753108144,346250200
2024-10-08,132.6826629638672,133.27173878303944,129.21807567689768,130.0567614433445,285722500
2024-10-09,132.4430389404297,134.31013180466115,131.17503131034326,133.9007678130665,246191600
2024-10-10,134.59970092773438,134.78940697514903,130.79564676847795,131.7042308718923,242311300
2024-10-11,134.58970642089844,135.5681732923908,133.4514855032485,133.80093033986074,170209500
2024-10-14,137.8546142578125,139.38222619629536,136.08737124143596,136.25710420849128,232347700
2024-10-15,131.3946990966797,138.3538265330219,128.5391603262797,137.654906403531,377831000
2024-10-16,135.5082550048828,136.40684475827754,131.37471471629812,133.7709642153392,264879700
2024-10-17,136.71636962890625,140.6701983777905,136.65646567187503,139.12261346955344,306435900
2024-10-18,137.78469848632812,138.68328825202838,137.06582057977474,138.45365135367973,176090200
2024-10-21,143.48580932617188,143.48580932617188,137.78471061125512,137.91451267760561,264554500
2024-10-22,143.36598205566406,144.194689003585,141.55880826832362,142.68705023422552,226311600
2024-10-23,139.34226989746094,142.20778753302577,137.24555525009052,141.80841766733155,285930000
2024-10-24,140.19094848632812,141.12948441968888,138.2439937495604,140.6003124972593,172354900
2024-10-25,141.31918334960938,143.90515439009727,140.5803475394567,140.71013437273555,205122100
2024-10-28,140.30078125,142.9166889544992,139.83151327072179,142.77690797567064,173586700
2024-10-29,141.02963256835938,142.0380513591214,138.68329276437913,140.0711235834401,157593600
2024-10-30,139.1226043701172,140.1110653014331,136.59655278062618,139.32228929215535,179418100
2024-10-31,132.5529022216797,137.39534280178046,131.90392225052622,137.38536388537344,270039600
2024-11-01,135.1887664794922,137.09579048755296,134.36007470728345,134.4898615442038,207127800
2024-11-04,135.83775329589844,138.74321710094807,135.3585064031532,136.9959472521015,187528200
2024-11-05,139.6917266845703,140.151000495864,137.11574997671616,137.23555788662173,160537400
2024-11-06,145.38284301757812,146.2614750565614,141.73854326176877,142.73698322061895,242043900
2024-11-07,148.6477508544922,148.69766066609404,145.9419717733186,146.1616297903136,207323300
2024-11-08,147.39967346191406,149.53633403774526,146.03180056765603,148.5378942315628,175665800
2024-11-11,145.0333709716797,148.6177817068004,143.3460203778287,148.44803352101476,182325600
2024-11-12,148.0586395263672,149.41651833977537,145.78219787373922,146.55100082856893,198634700
2024-11-13,146.04180908203125,149.09703275189045,145.6723759576151,148.83744386134128,191903300
2024-11-14,146.53103637695312,148.7675472701728,145.32293261192063,147.40966837696516,194463300
2024-11-15,141.75848388671875,145.0134075079149,139.86145428913719,144.6439744081883,250132900
2024-11-18,139.9313507080078,141.3291757571169,136.93603090489682,139.28237084466085,221205300
2024-11-19,146.7806396484375,146.90046279249913,140.77004260660007,141.09952959154865,227834900
2024-11-20,145.66238403320312,147.3297766964244,142.50731056070873,147.18001681813428,309871700
2024-11-21,146.44119262695312,152.65149063112756,140.4805046221909,149.11701974284432,400946600
2024-11-22,141.72854614257812,146.93042492260167,140.8798813363258,145.70233282975542,236406200
2024-11-25,135.8077850341797,141.82837577269152,135.60810012239304,141.76847182265374,344941900
2024-11-26,136.70639038085938,139.08268223719327,135.45834049580736,137.4851722903331,190287700
2024-11-27,135.12884521484375,137.00591700209634,131.59437486042492,134.7993582371888,226370900
2024-11-29,138.03431701660156,139.1326070072914,135.83775227020575,136.56660913585418,141863200
2024-12-02,138.41372680664062,140.23087948399635,137.60499293345052,138.6134117376161,171682800
2024-12-03,140.0411834716797,140.32074544201365,137.73478959893222,138.04430354930304,164414000
2024-12-04,144.91357421875,145.56255409442886,140.07113435104438,141.77847337465352,231224300
2024-12-05,144.8436737060547,146.32146235801875,143.73532840807314,144.89360218968224,172621200
2024-12-06,142.2275848388672,145.4827177885172,141.09926510716357,144.38436733563313,188505600
2024-12-09,138.60299682617188,139.74129618907318,136.9255094433844,138.76276188244717,189308600
2024-12-10,134.8685760498047,141.60850970621567,133.5904709096604,138.80268748950093,210020900
2024-12-11,139.10226440429688,139.9609826182475,135.00838729186296,137.1551752087216,184905200
2024-12-12,137.13519287109375,138.2335586289744,135.59749604609573,136.8755860719742,159211400
2024-12-13,134.04978942871094,139.39181692680097,132.34233289302693,138.7327975455873,231514900
2024-12-16,131.80313110351562,134.19954557462145,130.2254857362255,133.9798724705664,237951100
2024-12-17,130.19554138183594,131.39374870651014,126.67080709010266,128.89747709842524,259410300
2024-12-18,128.71775817871094,136.49613412730267,128.08869283192976,133.6603731199009,277444500
2024-12-19,130.48509216308594,133.8301019554315,129.35678784338916,131.56348324328064,209719200
2024-12-20,134.49911499023438,135.07825184796977,128.02878306565836,129.61640819653473,306528600
2024-12-23,139.46168518066406,139.58150132927014,134.9184683016336,136.0767418582626,176053500
2024-12-24,140.01087951660156,141.68836668012935,138.44321367436993,139.7912064019445,105157000
2024-12-26,139.72129821777344,140.63993951863216,137.52458239005412,139.49164551057467,116205600
2024-12-27,136.80567932128906,138.81269167406333,134.50912136885398,138.3433913393573,170582600
2024-12-30,137.28494262695312,140.060795108374,133.82011682531788,134.628906293037,167734700
2024-12-31,134.0897216796875,137.86409844380188,133.63041622678574,137.82414956509464,155659200
2025-01-02,138.10374450683594,138.67290181477085,134.4292395740467,135.7971917031726,198247200
2025-01-03,144.25454711914062,144.6838985290199,139.52161059265686,139.8011917981673,229322500
2025-01-06,149.20716857910156,151.93310868099036,147.5995839740372,148.3684248105369,265377400
2025-01-07,139.93101501464844,152.90164910642062,139.80120400217487,152.80179213743568,351782200
2025-01-08,139.90106201171875,143.73533196712347,137.3548616440079,142.36737985085435,227349900
2025-01-10,135.70733642578125,139.71135128077043,134.01985409411643,137.24503329388114,207602500
2025-01-13,133.03131103515625,133.29093305056014,129.31685741876072,129.79615256902926,204808900
2025-01-14,131.5634765625,136.17659626619553,129.85603553258576,135.84708662764365,195590500
2025-01-15,136.03683471679688,136.2465130176968,131.09420431967888,133.45068552943664,185217300
2025-01-16,133.3708038330078,138.54307117698642,133.2909213149963,138.4332346192246,209235600
2025-01-17,137.504638671875,138.29345383465838,135.25799411499426,136.4861555399997,201188800
2025-01-21,140.61997985839844,141.6184885428412,136.88555189361048,138.95247218370304,197749000
2025-01-22,146.85069274902344,147.56960504936464,143.45575377479585,144.4442829463215,237651400
2025-01-23,147.00045776367188,147.0104373660888,143.50567717742842,144.83369562852502,155915500
2025-01-24,142.40731811523438,148.74785499769604,141.66843136501245,148.14874363197046,234657600
2025-01-27,118.24339294433594,128.20850504229963,116.52595684106743,124.6138830305536,818830900
2025-01-28,128.79763793945312,128.8076175411123,116.0766320864675,121.62833781559046,579666400
2025-01-29,123.5155258178711,126.70077107762197,119.8709750783515,126.31135328562937,467120600
2025-01-30,124.464111328125,124.81358785050304,117.92387627755191,122.91641979157204,392925500
2025-01-31,119.89093780517578,127.6593341751579,119.01225290264883,123.59540412169352,388161100
2025-02-03,116.48603820800781,118.39318602096668,112.84147962875147,114.57888277703151,371235700
2025-02-04,118.47305297851562,121.01924546805154,116.52595653802958,116.78557092036435,256550000
2025-02-05,124.64384460449219,124.8135892575584,120.57991444298676,121.57842315704723,262230800
2025-02-06,128.4880828857422,128.57796024161053,125.02326434711814,127.22996749994309,251483600
2025-02-07,129.6463623046875,130.17557068191934,124.8135839892709,129.02729180363133,228186300
2025-02-10,133.3708038330078,134.79866384787866,129.76618710141213,129.89598286165247,216989100
2025-02-11,132.60195922851562,134.27944654160947,130.82461495038982,132.38228609427233,178902400
2025-02-12,130.94442749023438,132.04279313100764,128.88750205027108,129.8261026458349,160278600
2025-02-13,135.08822631835938,136.29642846871295,130.97437562399168,131.36379338160384,197430000
2025-02-14,138.64292907714844,139.04232643389201,135.29791907929888,136.27645326854343,195479600
2025-02-18,139.19210815429688,143.226091877041,137.72429913092634,141.05932980350207,219176600
2025-02-19,139.02236938476562,141.14919790373787,137.01537227663152,139.30195061666387,167536000
2025-02-20,139.90106201171875,140.45024487315197,136.5860056380014,139.8211794831435,143903600
2025-02-21,134.22952270507812,141.24905316966826,133.83012530319377,139.83115735009994,228217600
2025-02-24,130.08572387695312,138.38332947991822,129.88602516626045,136.35635785611953,251381100
2025-02-25,126.441162109375,130.00583809401027,124.25443309531597,129.7861649469319,271428700
2025-02-26,131.084228515625,133.53057192522448,128.29839578499454,129.79615892181477,322553800
2025-02-27,119.9708251953125,134.80865788512716,119.83103458283094,134.7986782828192,443175800
2025-02-28,124.73369598388672,124.90344062232614,116.22640582508673,117.8439849269481,389091100
2025-03-03,113.88990020751953,123.51552349340123,112.11255593535711,123.32581202011416,411381400
2025-03-04,115.81702423095703,119.13207287466713,109.9457957033308,110.48499132597254,398163300
2025-03-05,117.12506866455078,118.10360288358513,114.33922859376143,117.40464986998916,284337900
2025-03-06,110.40511322021484,115.17798387118098,110.05563667803439,113.36069823382532,321181900
2025-03-07,112.52194213867188,113.31076488585998,107.39958789171841,111.08408724577035,341755500
2025-03-10,106.82044982910156,111.6831816739289,105.30271254146378,109.73609301585863,366487400
2025-03-11,108.59780883789062,112.0726148635708,104.6137536218378,106.83044416478043,354865700
2025-03-12,115.5780258178711,116.5966026479449,112.72202762810602,113.9602977987337,323857500
2025-03-13,115.41825103759766,117.59520049683546,113.63075517539951,116.86621875800482,299033100
2025-03-14,121.49972534179688,121.70943054003341,117.98465480860956,118.44401014075397,277593500
2025-03-17,119.36272430419922,122.71802281178023,117.86482345684047,122.56823120330081,255501500
2025-03-18,115.2684555053711,118.85342762738914,114.37970167383446,117.83485847417,299686900
2025-03-19,117.35552215576172,120.28142179456783,115.51810097497594,117.10587204193429,273426200
2025-03-20,118.3641128540039,120.0317738155389,116.30699831746894,116.38688818380663,248829700
2025-03-21,117.5352783203125,117.82487338576216,115.25847035053427,116.77634740953133,266498500
2025-03-24,121.24009704589844,122.04896105750126,119.17298658297102,119.71223179694545,228452500
2025-03-25,120.52110290527344,121.12026171196634,118.75357566400419,120.38129943766901,167447200
2025-03-26,113.60079956054688,118.6736845133834,112.55226594608844,118.5638454632065,293463300
2025-03-27,111.27406311035156,114.28983351449122,110.50514401476981,111.19417323533278,236902100
2025-03-28,109.51652526855469,112.71205173921601,108.91736643615505,111.33397804410711,229872500
2025-03-31,108.22832489013672,110.80471613819729,103.50494855407659,104.98287310192077,299212700
2025-04-01,109.99585723876953,110.04578269736857,106.32100673854832,108.36813339033893,222614000
2025-04-02,110.26547241210938,111.82329447216486,106.64055510872038,107.1398553905561,220601200
2025-04-03,101.65754699707031,105.48218161280622,101.45782230020173,103.36515315702636,338769400
2025-04-04,94.17801666259766,99.98987163475934,91.98109847139008,98.7715853475697,532273800
2025-04-07,97.50334930419922,101.60759784636036,86.4987754744505,87.33759621246332,611041300
2025-04-08,96.16523742675781,105.70186824827938,94.3278084260022,103.66472218207363,476243400
2025-04-09,114.16999816894531,114.93891720962625,97.39350654873371,98.75160385221358,612918300
2025-04-10,107.4194564819336,110.70485307181585,99.01124202201945,109.21694044618194,437812400
2025-04-11,110.7747573852539,111.39389245819964,107.32958859529616,108.34815778630501,313417300
2025-04-14,110.55506134033203,114.1300529879136,108.91735711650354,113.9503045917023,264705000
2025-04-15,112.04297637939453,113.46099492172469,110.3453585264742,110.81470199440513,228966900
2025-04-16,104.3437728881836,106.64055727885454,100.30942561460589,104.40369410395131,397016900
2025-04-17,101.34796142578125,104.3237942331935,99.90998190333623,104.30381795694564,292517500
2025-04-21,96.77438354492188,99.3008417327631,94.90699776234818,98.63177356997639,288501100
2025-04-22,98.75160217285156,99.67031279819463,97.14385476914264,98.6417555090913,241004800
2025-04-23,102.5662612915039,104.6533403969428,101.87722447592722,104.37372584399631,247526000
2025-04-24,106.28105163574219,106.39089830035945,102.96569827687256,103.33518320501399,220815000
2025-04-25,110.85466003417969,111.76338266185121,105.58204983332996,106.70047768277183,251064700
2025-04-28,108.57784271240234,110.21554702841466,105.8716284785824,109.53649833991803,207708500
2025-04-29,108.86742401123047,110.04577291521682,107.2896409990865,107.5193148494054,170444300
2025-04-30,108.76756286621094,108.76756286621094,103.93434018163836,104.32379376082015,235044600
2025-05-01,111.45380401611328,114.7791455573913,111.14424029465428,112.92174799120272,236121500
2025-05-02,114.33976745605469,115.23850951002053,113.21135153306962,114.02021557227994,190194800
2025-05-05,113.66071319580078,114.5095221313392,112.50234053074915,112.75199066583207,133163200
2025-05-06,113.38111877441406,114.57943650755207,110.6649237860017,111.32400387233044,158525600
2025-05-07,116.89618682861328,117.5153219594032,112.12287705585727,112.8918038042742,206758800
2025-05-08,117.20575714111328,118.51392151118237,115.68787993703612,118.08452294119296,198428100
2025-05-09,116.48675537109375,118.06454606438504,115.04876814493281,117.18577270674557,132972200
2025-05-12,122.82786560058594,122.82786560058594,120.11167093091153,121.79930827024249,225023300
2025-05-13,129.7481689453125,131.03637225526788,124.29581818961599,124.8051066300396,330430100
2025-05-14,135.1505889892578,135.25045513495294,131.49570747587302,133.01358451331882,281180800
2025-05-15,134.64129638671875,136.10924022234616,132.47433530494334,134.10204362723803,226632600
2025-05-16,135.21051025390625,136.15919297953724,133.27323795943153,136.02937003025397,226542500
2025-05-19,135.38027954101562,135.67984750647184,132.20472197026768,132.20472197026768,193154600
2025-05-20,134.19195556640625,134.39167264198855,132.43440873143513,134.1020699305735,161514200
2025-05-21,131.61553955078125,137.20769280906822,130.40722632757777,132.87377060547334,270608700
2025-05-22,132.6441192626953,134.0621302833829,131.36591171623223,132.04495280891254,187344000
2025-05-23,131.10626220703125,132.49431639064062,128.97925335315108,129.81807417545411,198821300
2025-05-27,135.31036376953125,135.47014350181522,133.1234263008756,133.96224703921547,192953600
2025-05-28,134.621337890625,137.05792567392893,134.60136161311598,135.83963178227697,304021100
2025-05-29,138.99522399902344,143.28920975153582,137.71701641280157,142.05093948600498,369241900
2025-05-30,134.94088745117188,139.42459384487097,132.73397369059805,138.52585950975748,333170900
2025-06-02,137.187744140625,137.9266987725352,135.21050414256473,135.30038976970178,197663100
2025-06-03,141.02236938476562,141.801276586457,137.75694135463795,138.5857816307834,225578800
2025-06-04,141.72137451171875,142.19071794379053,139.3447005567539,141.99100090060617,167120800
2025-06-05,139.79409790039062,143.79848066110154,138.63571759363617,141.97103980754113,231397900
2025-06-06,141.52166748046875,143.0695013401578,141.31195466595716,142.31055518995854,153986200
2025-06-09,142.43040466308594,144.7970831461155,141.74136782943543,142.98961854621228,185114500
2025-06-10,143.758544921875,144.088069701399,141.33193761060437,142.49031793007975,155881900
2025-06-11,142.6400146484375,144.79714515361243,141.6812848999734,144.41764573923192,167694000
2025-06-12,144.80712890625,144.80712890625,141.6613249598906,141.78116046611606,162365000
2025-06-13,141.78115844726562,143.38901749969733,140.6626531024409,142.2904745799642,180820600
2025-06-16,144.49752807617188,145.98553624599697,143.0095046678558,143.15931427294294,183133700
2025-06-17,143.92828369140625,145.0268265438421,143.58873962374116,144.2978018718573,139108000
2025-06-18,145.28648376464844,145.4562558084884,142.92962233744194,143.81843788371728,161494100
2025-06-20,143.6586456298828,146.00551033389334,142.46022977248353,145.25650804226413,242956200
2025-06-23,143.9782257080078,144.58741490600102,141.84107290887454,142.31044894200824,154308900
2025-06-24,147.70326232910156,147.76319531946535,145.3064608232896,145.36637857516104,187566100
2025-06-25,154.10475158691406,154.24456476496755,149.06146548674553,149.0714619384952,269146500
2025-06-26,154.8137969970703,156.5115326130379,153.795149532093,155.77251147358507,198145700
2025-06-27,157.5401611328125,158.49889084686143,155.05346784206984,155.83242906789442,263234500
2025-06-30,157.7798614501953,158.4489684480595,155.7525627920192,158.1893045239527,194580300
2025-07-01,153.0961151123047,156.9909220439906,151.2885248378942,156.08212868043222,213143600
2025-07-02,157.04083251953125,157.39037305932783,152.7665268185242,152.77650803107835,171224100
2025-07-03,159.12806701660156,160.7658851337161,157.56016311083363,158.1593559409033,143716100
2025-07-07,158.02952575683594,159.09809459400483,157.1307137305003,157.98957042846925,140139000
2025-07-08,159.78717041015625,160.00687898854957,158.17931139836438,159.11806346268276,138133000
2025-07-09,162.66336059570312,164.20130555952733,160.94564712320184,161.0055648799297,183656400
2025-07-10,163.88174438476562,164.28120626813552,161.39505073108006,164.10145299216728,167704100
2025-07-11,164.7006378173828,167.66668863474402,163.25256951238498,163.50223698698784,193633300
2025-07-14,163.85177612304688,165.2698855378492,161.80449980139463,165.15003478890583,136975800
2025-07-15,170.47293090820312,172.17066651150088,168.97492621614776,170.96228459346491,230627400
2025-07-16,171.14205932617188,171.52155877211666,168.67534340451815,170.83247408910898,158831500
2025-07-17,172.7698974609375,173.92835823409905,170.60278554683865,171.79120519874627,160841100
2025-07-18,172.18067932128906,174.01822826089457,171.03219980516573,173.40903901870553,146456400
2025-07-21,171.1520538330078,173.1493936504508,170.77255439137573,172.52022673163836,123126100
2025-07-22,166.80783081054688,171.1620321483939,164.3610926233022,171.1120956061046,193114300
2025-07-23,170.55284118652344,171.03219846298632,167.74658125695927,169.30450383433347,154082200
2025-07-24,173.5089111328125,173.59878776513457,171.07215417768242,172.21063723590794,128984600
2025-07-25,173.26922607421875,174.4876045602178,172.72995103806022,173.37908037175941,122316800
2025-07-28,176.51490783691406,176.7645753161742,173.73860668662087,173.78854323017163,140023500
2025-07-29,175.2765350341797,179.14139760883538,174.7871965738649,177.72328828972238,154077500
2025-07-30,179.03155517578125,179.65072563032518,175.80584046425426,176.27521653092245,174312200
2025-07-31,177.63340759277344,183.05619299307685,175.69598557745124,182.65671589592668,221685400
2025-08-01,173.4889373779297,176.3051785902702,170.66269971388826,173.85844036702034,204529000
2025-08-04,179.7605743408203,179.96030526461158,174.28786778877773,174.9270158880054,148174600
2025-08-05,178.0229034423828,180.02024338323596,175.66604170263633,179.38109521170273,156407600
2025-08-06,179.18133544921875,179.66069269115442,176.01555398070957,176.09544939411415,137192300
2025-08-07,180.52955627441406,183.63542017290519,178.56217541570945,181.32849521637667,151878400
2025-08-08,182.4569854736328,183.05619350177665,180.16004168373897,181.30852119793246,123396700
2025-08-11,181.81784057617188,183.59547178906817,180.01025048518693,181.80785936297346,138323200
2025-08-12,182.9163818359375,184.234618174838,179.22130626788388,182.7166509044063,145485700
2025-08-13,181.3484649658203,183.72530422356274,179.11145412417423,182.37709375214726,179871700
2025-08-14,181.77789306640625,182.7765629312542,179.22130065055427,179.51090820642335,129554000
2025-08-15,180.20997619628906,181.658044469753,177.8031781362909,181.6380820439347,156602200
2025-08-18,181.76788330078125,182.69665413107447,180.34977402519155,180.3597704757432,132008000
2025-08-19,175.4063720703125,182.25724785967336,175.25657768801665,182.1873336556069,185229200
2025-08-20,175.1667022705078,175.76591033294957,168.57548977611862,174.93701244991922,215142700
2025-08-21,174.74725341796875,176.6646977817985,173.57881147306438,174.61743669419707,140040900
2025-08-22,177.7532501220703,178.35244288234992,170.97227338198675,172.38040151215634,172789400
2025-08-25,179.57083129882812,181.6680441727565,176.33515059315872,178.11278178635797,163012800
2025-08-26,181.52822875976562,182.14739921043056,178.57215920342722,179.82049655621498,168688200
2025-08-27,181.35845947265625,182.24727507184866,178.86178472902657,181.7379436715125,235518900
2025-08-28,179.93035888671875,184.22464261974775,176.17536544772958,180.57950348224864,281787800
2025-08-29,173.9483184814453,177.91303926310266,172.91968968806756,177.87309917143955,243257900
2025-09-02,170.55284118652344,172.15071909272382,166.99757884564528,169.77387989783634,231164900
2025-09-03,170.39306640625,172.18069419661035,168.65539040087648,170.83248363379096,164424900
2025-09-04,171.4316864013672,171.6314173426514,169.18467902530818,170.34313981864827,141670100
2025-09-05,166.7978515625,168.80517258283567,163.8517783946414,167.8065026792569,224441400
2025-09-08,168.0861358642578,170.73262035939155,167.12742125141602,167.32715219255022,163769100
2025-09-09,170.53286743164062,170.75257602974241,166.51822538667548,168.86509051949957,157548400
2025-09-10,177.09413146972656,179.05151589898875,175.2366048852674,176.4050468150653,226852000
2025-09-11,176.94432067871094,180.050359799309,176.2551971559751,179.4511179779685,151159300
2025-09-12,177.59349060058594,178.37249577533527,176.22522541777622,177.5435512454145,124911000
2025-09-15,177.52357482910156,178.62217970015598,174.28769658655634,175.44622258887705,147061600
2025-09-16,174.65724182128906,177.27389957504343,174.15787872389456,176.77453647764895,140737800
2025-09-17,170.07308959960938,172.97938669910795,168.1954945771254,172.4201024269062,211843800
2025-09-18,176.01551818847656,176.87442336525442,172.73969733735942,173.7583871307785,191763300
2025-09-19,176.4449462890625,177.8531538116004,174.95683884616588,175.54609885389235,237182100
2025-09-22,183.37612915039062,184.31493427279133,174.48747153493287,175.07671637070237,269637000
2025-09-23,178.2027130126953,182.18763613663097,175.9855548133895,181.73821238324945,192559600
2025-09-24,176.74456787109375,179.5509859124944,175.17656050171237,179.54100413716742,143564100
2025-09-25,177.4636688232422,180.03038734713982,172.90947958662534,174.2577508730865,191586700
2025-09-26,177.96302795410156,179.54101721374016,174.70717071687335,177.94304916264082,148573700
2025-09-29,181.61837768554688,183.7656330630971,180.09032771672483,180.20017297627672,193063500
2025-09-30,186.3423309326172,187.11135435179565,181.2488213615314,181.848063160254,236981000
2025-10-01,187.0015106201172,187.9003581593927,183.665753326035,185.00405809785752,173844900
2025-10-02,188.64939880371094,190.80665113886596,187.82045419605362,189.35850113919957,136805800
2025-10-03,187.38099670410156,190.11751186051177,185.1438598655547,188.94900408551683,137596900
2025-10-06,185.30364990234375,186.9914995955013,183.09647356463947,185.2637075602064,157678100
2025-10-07,184.80429077148438,188.8191743935438,183.76562222076905,185.99277739696944,140088000
2025-10-08,188.86911010742188,189.35849142592937,186.30237648821537,186.33235229407293,130168900
2025-10-09,192.32470703125,195.05122522476873,190.816620752273,191.9851285494953,182997200
2025-10-10,182.92669677734375,195.37081685366852,181.81811007166195,193.26350393527704,268774400
2025-10-13,188.0801239013672,189.8678370807686,185.72312947730666,187.73056363822363,153482800
2025-10-14,179.80067443847656,184.56460262310264,179.47109296765566,184.5346420566055,205641400
2025-10-15,179.60093688964844,184.63451030281777,177.06416377208902,184.56460739230218,214450500
2025-10-16,181.5784149169922,183.0465437061986,179.5410200965125,181.99787810828644,179723300
2025-10-17,182.9866180419922,183.86550198639478,179.52103686227596,179.9504818191574,173135200
2025-10-20,182.40736389160156,184.96410068415813,181.49851933568945,182.89674524617425,128544700
2025-10-21,180.9292449951172,182.55715836486127,179.5709767314294,182.55715836486127,124240200
2025-10-22,180.05035400390625,183.20633238125785,176.53483359319367,180.9092591258601,162249600
2025-10-23,181.92796325683594,182.7968501503985,179.5609718650331,180.19017423035882,111363700
2025-10-24,186.02272033691406,187.23118563906056,183.26624175096782,183.60580497197222,131296700
2025-10-27,191.24607849121094,191.75542334831323,188.18996363054165,189.74798924630224,153452700
2025-10-28,200.77394104003906,202.89123585796654,191.66556232510956,192.80410966447576,297986200
2025-10-29,206.77627563476562,211.9197249544373,204.51915980095313,207.715080745974,308829600
2025-10-30,202.63156127929688,205.89740027142088,201.1534507471854,204.88867704045037,178864400
2025-10-31,202.23207092285156,207.70508615602077,201.81260775338424,206.18701808603035,179802200
2025-11-03,206.61647033691406,211.07078042213968,205.29814450690722,207.81493866642379,180267300
2025-11-04,198.43690490722656,203.71017785907821,197.67786326579136,202.7414122562426,188919300
2025-11-05,194.9613494873047,202.66152000582164,194.40205001057666,198.51681234435117,171350300
2025-11-06,187.84043884277344,197.3682807609907,186.14260723026618,196.16981228388872,223029800
2025-11-07,187.9103240966797,188.08012095739036,178.68210397488247,184.66446402160466,264942300
2025-11-10,198.7964630126953,199.68532876518447,193.5431531870904,194.8614791513322,198897100
2025-11-11,192.91395568847656,195.17107140540628,191.05632435423007,194.91140808059743,176483300
2025-11-12,193.55313110351562,195.64046510157328,190.8865341091802,195.47068348463264,154935300
2025-11-13,186.62197875976562,191.1961465947379,183.61581837719615,190.8066439854392,207423100
2025-11-14,189.92774963378906,190.76667594021126,180.34996953708986,182.62706393415107,186591900
2025-11-17,186.36231994628906,188.75925679396335,184.08522536919267,185.73311754704963,173628900
2025-11-18,181.1289825439453,184.5646030780414,179.42115405263684,183.14641371605563,213598900
2025-11-19,186.28240966796875,187.62069907956393,182.5971076589588,184.5546024199349,247246400
2025-11-20,180.40989685058594,195.7503316108911,179.62090987236718,195.70039225393623,343504800
2025-11-21,178.65213012695312,184.32488707538113,172.70969762442783,181.00912433889104,346926200
2025-11-24,182.3174591064453,183.26624588741998,176.25518414830518,179.26135956972516,256618300
2025-11-25,177.59349060058594,177.93305383278917,169.33402110596253,174.68719385821646,320600300
2025-11-26,180.03036499023438,182.67699835309762,178.01294919921247,181.39863013804072,183852000
2025-11-28,176.7745361328125,179.0616124091028,176.27517303639212,178.7819702942556,121332800
2025-12-01,179.69082641601562,180.07034727044882,173.45876908321011,174.53739527000454,188131000
2025-12-02,181.22886657714844,185.4235136530611,179.7707195907086,181.52847225165078,182632200
2025-12-03,179.36123657226562,182.21759414523953,178.88185225801445,180.8493441127912,165138000
2025-12-04,183.15660095214844,184.29521152983364,179.7407692190929,181.39873533031871,167364900
2025-12-05,182.1877899169922,184.43504894381925,180.6896172324408,183.66598269849337,143971100
2025-12-08,185.323974609375,187.7709870845105,182.17780264974235,182.41751577930148,204378100
2025-12-09,184.7446746826172,185.4937610485011,183.09669077375298,185.33395229946427,144719700
2025-12-10,183.55612182617188,185.2540478736652,181.8182359713298,184.74467463147755,162785400
2025-12-11,180.70957946777344,181.09911899111663,176.40483245042134,180.060377409269,182136600
2025-12-12,174.80679321289062,182.59729422559735,174.40727135263347,180.88937065842447,204274900
2025-12-15,176.07522583007812,178.20263580820242,174.81676632707214,177.72322484137152,164775600
2025-12-16,177.5034942626953,178.27256047932946,174.686922405521,176.04526619844617,148588100
2025-12-17,170.73175048828125,175.91543007880585,170.10251312474713,175.88546784627562,222775500
2025-12-18,173.9278564453125,175.93540231223645,171.6106906687844,174.3173807251694,176096000
2025-12-19,180.76953125,181.22896236326454,176.12518653595592,176.4547863729682,324925900
2025-12-22,183.4662322998047,183.935660967629,182.1278683380167,183.6959478478248,129064400
2025-12-23,188.97952270507812,189.09937165158402,182.67719635774475,182.74711840334103,174873600
2025-12-24,188.38023376464844,188.67987134928,186.36269028434322,187.71105179508496,65528500
2025-12-26,190.2978973388672,192.45526970950266,187.7709805748158,189.68863982420257,139740300
2025-12-29,187.99070739746094,188.53004285167208,185.68352392965699,187.4813341773615,120006100
2025-12-30,187.31153869628906,188.75978454971104,186.70228116711607,188.01069817319677,97687300
